========================================
Android NDK Build for GxPlugins.lv2
Build started: 2026-02-09 14:53:25
NDK Version: GNU Make 4.3
Built for x86_64-pc-linux-gnu
Copyright (C) 1988-2020 Free Software Foundation, Inc.
License GPLv3+: GNU GPL version 3 or later <http://gnu.org/licenses/gpl.html>
This is free software: you are free to change and redistribute it.
There is NO WARRANTY, to the extent permitted by law.
========================================

Building GxAxisFace.lv2...
Android NDK: APP_PLATFORM not set. Defaulting to minimum supported version android-21.    
[arm64-v8a] Install        : libgx_AxisFace.so => libs/arm64-v8a/libgx_AxisFace.so
[armeabi-v7a] Install        : libgx_AxisFace.so => libs/armeabi-v7a/libgx_AxisFace.so
[x86] Install        : libgx_AxisFace.so => libs/x86/libgx_AxisFace.so
[x86_64] Install        : libgx_AxisFace.so => libs/x86_64/libgx_AxisFace.so
  ✓ Success (4 .so files generated)
Building GxBaJaTubeDriver.lv2...
Android NDK: APP_PLATFORM not set. Defaulting to minimum supported version android-21.    
[x86] Compile++      : gx_bajatubedriver <= gx_bajatubedriver.cpp
jni/../plugin/gx_bajatubedriver.cpp:197:18: warning: variable length arrays in C++ are a Clang extension [-Wvla-cxx-extension]
  197 |   FAUSTFLOAT buf[n_samples];
      |                  ^~~~~~~~~
jni/../plugin/gx_bajatubedriver.cpp:197:18: note: function parameter 'n_samples' with unknown value cannot be used in a constant expression
jni/../plugin/gx_bajatubedriver.cpp:195:44: note: declared here
  195 | void Gx_bajatubedriver_::run_dsp_(uint32_t n_samples)
      |                                            ^
jni/../plugin/gx_bajatubedriver.cpp:341:1: warning: duplicate 'extern' declaration specifier [-Wduplicate-decl-specifier]
  341 | LV2_SYMBOL_EXPORT
      | ^
jni/../../lv2-headers/lv2.h:358:5: note: expanded from macro 'LV2_SYMBOL_EXPORT'
  358 |     LV2_SYMBOL_EXTERN __attribute__((visibility("default")))
      |     ^
jni/../../lv2-headers/lv2.h:345:29: note: expanded from macro 'LV2_SYMBOL_EXTERN'
  345 | #  define LV2_SYMBOL_EXTERN extern "C"
      |                             ^
In file included from jni/../plugin/gx_bajatubedriver.cpp:68:
jni/../dsp/bajatubedriver.cc:13:14: warning: private field 'fslider0' is not used [-Wunused-private-field]
   13 |         FAUSTFLOAT      fslider0;
      |                         ^
jni/../dsp/bajatubedriver.cc:27:14: warning: private field 'fslider1' is not used [-Wunused-private-field]
   27 |         FAUSTFLOAT      fslider1;
      |                         ^
jni/../dsp/bajatubedriver.cc:62:14: warning: private field 'fslider2' is not used [-Wunused-private-field]
   62 |         FAUSTFLOAT      fslider2;
      |                         ^
5 warnings generated.
[armeabi-v7a] Compile++ thumb: gx_bajatubedriver <= gx_bajatubedriver.cpp
jni/../plugin/gx_bajatubedriver.cpp:197:18: warning: variable length arrays in C++ are a Clang extension [-Wvla-cxx-extension]
  197 |   FAUSTFLOAT buf[n_samples];
      |                  ^~~~~~~~~
jni/../plugin/gx_bajatubedriver.cpp:197:18: note: function parameter 'n_samples' with unknown value cannot be used in a constant expression
jni/../plugin/gx_bajatubedriver.cpp:195:44: note: declared here
  195 | void Gx_bajatubedriver_::run_dsp_(uint32_t n_samples)
      |                                            ^
jni/../plugin/gx_bajatubedriver.cpp:341:1: warning: duplicate 'extern' declaration specifier [-Wduplicate-decl-specifier]
  341 | LV2_SYMBOL_EXPORT
      | ^
jni/../../lv2-headers/lv2.h:358:5: note: expanded from macro 'LV2_SYMBOL_EXPORT'
  358 |     LV2_SYMBOL_EXTERN __attribute__((visibility("default")))
      |     ^
jni/../../lv2-headers/lv2.h:345:29: note: expanded from macro 'LV2_SYMBOL_EXTERN'
  345 | #  define LV2_SYMBOL_EXTERN extern "C"
      |                             ^
In file included from jni/../plugin/gx_bajatubedriver.cpp:68:
jni/../dsp/bajatubedriver.cc:13:14: warning: private field 'fslider0' is not used [-Wunused-private-field]
   13 |         FAUSTFLOAT      fslider0;
      |                         ^
jni/../dsp/bajatubedriver.cc:27:14: warning: private field 'fslider1' is not used [-Wunused-private-field]
   27 |         FAUSTFLOAT      fslider1;
      |                         ^
jni/../dsp/bajatubedriver.cc:62:14: warning: private field 'fslider2' is not used [-Wunused-private-field]
   62 |         FAUSTFLOAT      fslider2;
      |                         ^
5 warnings generated.
[x86] SharedLibrary  : libgx_bajatubedriver.so
[arm64-v8a] Compile++      : gx_bajatubedriver <= gx_bajatubedriver.cpp
jni/../plugin/gx_bajatubedriver.cpp:197:18: warning: variable length arrays in C++ are a Clang extension [-Wvla-cxx-extension]
  197 |   FAUSTFLOAT buf[n_samples];
      |                  ^~~~~~~~~
jni/../plugin/gx_bajatubedriver.cpp:197:18: note: function parameter 'n_samples' with unknown value cannot be used in a constant expression
jni/../plugin/gx_bajatubedriver.cpp:195:44: note: declared here
  195 | void Gx_bajatubedriver_::run_dsp_(uint32_t n_samples)
      |                                            ^
jni/../plugin/gx_bajatubedriver.cpp:341:1: warning: duplicate 'extern' declaration specifier [-Wduplicate-decl-specifier]
  341 | LV2_SYMBOL_EXPORT
      | ^
jni/../../lv2-headers/lv2.h:358:5: note: expanded from macro 'LV2_SYMBOL_EXPORT'
  358 |     LV2_SYMBOL_EXTERN __attribute__((visibility("default")))
      |     ^
jni/../../lv2-headers/lv2.h:345:29: note: expanded from macro 'LV2_SYMBOL_EXTERN'
  345 | #  define LV2_SYMBOL_EXTERN extern "C"
      |                             ^
In file included from jni/../plugin/gx_bajatubedriver.cpp:68:
jni/../dsp/bajatubedriver.cc:13:14: warning: private field 'fslider0' is not used [-Wunused-private-field]
   13 |         FAUSTFLOAT      fslider0;
      |                         ^
jni/../dsp/bajatubedriver.cc:27:14: warning: private field 'fslider1' is not used [-Wunused-private-field]
   27 |         FAUSTFLOAT      fslider1;
      |                         ^
jni/../dsp/bajatubedriver.cc:62:14: warning: private field 'fslider2' is not used [-Wunused-private-field]
   62 |         FAUSTFLOAT      fslider2;
      |                         ^
5 warnings generated.
[x86_64] Compile++      : gx_bajatubedriver <= gx_bajatubedriver.cpp
jni/../plugin/gx_bajatubedriver.cpp:197:18: warning: variable length arrays in C++ are a Clang extension [-Wvla-cxx-extension]
  197 |   FAUSTFLOAT buf[n_samples];
      |                  ^~~~~~~~~
jni/../plugin/gx_bajatubedriver.cpp:197:18: note: function parameter 'n_samples' with unknown value cannot be used in a constant expression
jni/../plugin/gx_bajatubedriver.cpp:195:44: note: declared here
  195 | void Gx_bajatubedriver_::run_dsp_(uint32_t n_samples)
      |                                            ^
jni/../plugin/gx_bajatubedriver.cpp:341:1: warning: duplicate 'extern' declaration specifier [-Wduplicate-decl-specifier]
  341 | LV2_SYMBOL_EXPORT
      | ^
jni/../../lv2-headers/lv2.h:358:5: note: expanded from macro 'LV2_SYMBOL_EXPORT'
  358 |     LV2_SYMBOL_EXTERN __attribute__((visibility("default")))
      |     ^
jni/../../lv2-headers/lv2.h:345:29: note: expanded from macro 'LV2_SYMBOL_EXTERN'
  345 | #  define LV2_SYMBOL_EXTERN extern "C"
      |                             ^
In file included from jni/../plugin/gx_bajatubedriver.cpp:68:
jni/../dsp/bajatubedriver.cc:13:14: warning: private field 'fslider0' is not used [-Wunused-private-field]
   13 |         FAUSTFLOAT      fslider0;
      |                         ^
jni/../dsp/bajatubedriver.cc:27:14: warning: private field 'fslider1' is not used [-Wunused-private-field]
   27 |         FAUSTFLOAT      fslider1;
      |                         ^
jni/../dsp/bajatubedriver.cc:62:14: warning: private field 'fslider2' is not used [-Wunused-private-field]
   62 |         FAUSTFLOAT      fslider2;
      |                         ^
5 warnings generated.
[x86] Install        : libgx_bajatubedriver.so => libs/x86/libgx_bajatubedriver.so
[armeabi-v7a] SharedLibrary  : libgx_bajatubedriver.so
[armeabi-v7a] Install        : libgx_bajatubedriver.so => libs/armeabi-v7a/libgx_bajatubedriver.so
[arm64-v8a] SharedLibrary  : libgx_bajatubedriver.so
[x86_64] SharedLibrary  : libgx_bajatubedriver.so
[arm64-v8a] Install        : libgx_bajatubedriver.so => libs/arm64-v8a/libgx_bajatubedriver.so
[x86_64] Install        : libgx_bajatubedriver.so => libs/x86_64/libgx_bajatubedriver.so
  ✓ Success (4 .so files generated)
Building GxBlueAmp.lv2...
Android NDK: APP_PLATFORM not set. Defaulting to minimum supported version android-21.    
[x86] Compile++      : gx_blueamp <= gx_blueamp.cpp
jni/../plugin/gx_blueamp.cpp:186:18: warning: variable length arrays in C++ are a Clang extension [-Wvla-cxx-extension]
  186 |   FAUSTFLOAT buf[n_samples];
      |                  ^~~~~~~~~
jni/../plugin/gx_blueamp.cpp:186:18: note: function parameter 'n_samples' with unknown value cannot be used in a constant expression
jni/../plugin/gx_blueamp.cpp:184:37: note: declared here
  184 | void Gx_blueamp_::run_dsp_(uint32_t n_samples)
      |                                     ^
jni/../plugin/gx_blueamp.cpp:330:1: warning: duplicate 'extern' declaration specifier [-Wduplicate-decl-specifier]
  330 | LV2_SYMBOL_EXPORT
      | ^
jni/../../lv2-headers/lv2.h:358:5: note: expanded from macro 'LV2_SYMBOL_EXPORT'
  358 |     LV2_SYMBOL_EXTERN __attribute__((visibility("default")))
      |     ^
jni/../../lv2-headers/lv2.h:345:29: note: expanded from macro 'LV2_SYMBOL_EXTERN'
  345 | #  define LV2_SYMBOL_EXTERN extern "C"
      |                             ^
2 warnings generated.
[x86_64] Compile++      : gx_blueamp <= gx_blueamp.cpp
jni/../plugin/gx_blueamp.cpp:186:18: warning: variable length arrays in C++ are a Clang extension [-Wvla-cxx-extension]
  186 |   FAUSTFLOAT buf[n_samples];
      |                  ^~~~~~~~~
jni/../plugin/gx_blueamp.cpp:186:18: note: function parameter 'n_samples' with unknown value cannot be used in a constant expression
jni/../plugin/gx_blueamp.cpp:184:37: note: declared here
  184 | void Gx_blueamp_::run_dsp_(uint32_t n_samples)
      |                                     ^
jni/../plugin/gx_blueamp.cpp:330:1: warning: duplicate 'extern' declaration specifier [-Wduplicate-decl-specifier]
  330 | LV2_SYMBOL_EXPORT
      | ^
jni/../../lv2-headers/lv2.h:358:5: note: expanded from macro 'LV2_SYMBOL_EXPORT'
  358 |     LV2_SYMBOL_EXTERN __attribute__((visibility("default")))
      |     ^
jni/../../lv2-headers/lv2.h:345:29: note: expanded from macro 'LV2_SYMBOL_EXTERN'
  345 | #  define LV2_SYMBOL_EXTERN extern "C"
      |                             ^
2 warnings generated.
[x86] SharedLibrary  : libgx_blueamp.so
[armeabi-v7a] Compile++ thumb: gx_blueamp <= gx_blueamp.cpp
jni/../plugin/gx_blueamp.cpp:186:18: warning: variable length arrays in C++ are a Clang extension [-Wvla-cxx-extension]
  186 |   FAUSTFLOAT buf[n_samples];
      |                  ^~~~~~~~~
jni/../plugin/gx_blueamp.cpp:186:18: note: function parameter 'n_samples' with unknown value cannot be used in a constant expression
jni/../plugin/gx_blueamp.cpp:184:37: note: declared here
  184 | void Gx_blueamp_::run_dsp_(uint32_t n_samples)
      |                                     ^
jni/../plugin/gx_blueamp.cpp:330:1: warning: duplicate 'extern' declaration specifier [-Wduplicate-decl-specifier]
  330 | LV2_SYMBOL_EXPORT
      | ^
jni/../../lv2-headers/lv2.h:358:5: note: expanded from macro 'LV2_SYMBOL_EXPORT'
  358 |     LV2_SYMBOL_EXTERN __attribute__((visibility("default")))
      |     ^
jni/../../lv2-headers/lv2.h:345:29: note: expanded from macro 'LV2_SYMBOL_EXTERN'
  345 | #  define LV2_SYMBOL_EXTERN extern "C"
      |                             ^
2 warnings generated.
[x86_64] SharedLibrary  : libgx_blueamp.so
[arm64-v8a] Compile++      : gx_blueamp <= gx_blueamp.cpp
jni/../plugin/gx_blueamp.cpp:186:18: warning: variable length arrays in C++ are a Clang extension [-Wvla-cxx-extension]
  186 |   FAUSTFLOAT buf[n_samples];
      |                  ^~~~~~~~~
jni/../plugin/gx_blueamp.cpp:186:18: note: function parameter 'n_samples' with unknown value cannot be used in a constant expression
jni/../plugin/gx_blueamp.cpp:184:37: note: declared here
  184 | void Gx_blueamp_::run_dsp_(uint32_t n_samples)
      |                                     ^
jni/../plugin/gx_blueamp.cpp:330:1: warning: duplicate 'extern' declaration specifier [-Wduplicate-decl-specifier]
  330 | LV2_SYMBOL_EXPORT
      | ^
jni/../../lv2-headers/lv2.h:358:5: note: expanded from macro 'LV2_SYMBOL_EXPORT'
  358 |     LV2_SYMBOL_EXTERN __attribute__((visibility("default")))
      |     ^
jni/../../lv2-headers/lv2.h:345:29: note: expanded from macro 'LV2_SYMBOL_EXTERN'
  345 | #  define LV2_SYMBOL_EXTERN extern "C"
      |                             ^
2 warnings generated.
[x86] Install        : libgx_blueamp.so => libs/x86/libgx_blueamp.so
[x86_64] Install        : libgx_blueamp.so => libs/x86_64/libgx_blueamp.so
[armeabi-v7a] SharedLibrary  : libgx_blueamp.so
[arm64-v8a] SharedLibrary  : libgx_blueamp.so
[armeabi-v7a] Install        : libgx_blueamp.so => libs/armeabi-v7a/libgx_blueamp.so
[arm64-v8a] Install        : libgx_blueamp.so => libs/arm64-v8a/libgx_blueamp.so
  ✓ Success (4 .so files generated)
Building GxBoobTube.lv2...
Android NDK: APP_PLATFORM not set. Defaulting to minimum supported version android-21.    
[x86] Compile++      : gx_boobtube <= gx_boobtube.cpp
jni/../plugin/gx_boobtube.cpp:295:18: warning: variable length arrays in C++ are a Clang extension [-Wvla-cxx-extension]
  295 |   FAUSTFLOAT buf[ReCount];
      |                  ^~~~~~~
jni/../plugin/gx_boobtube.cpp:295:18: note: read of non-const variable 'ReCount' is not allowed in a constant expression
jni/../plugin/gx_boobtube.cpp:291:12: note: declared here
  291 |   uint32_t ReCount = n_samples;
      |            ^
jni/../plugin/gx_boobtube.cpp:431:1: warning: duplicate 'extern' declaration specifier [-Wduplicate-decl-specifier]
  431 | LV2_SYMBOL_EXPORT
      | ^
jni/../../lv2-headers/lv2.h:358:5: note: expanded from macro 'LV2_SYMBOL_EXPORT'
  358 |     LV2_SYMBOL_EXTERN __attribute__((visibility("default")))
      |     ^
jni/../../lv2-headers/lv2.h:345:29: note: expanded from macro 'LV2_SYMBOL_EXTERN'
  345 | #  define LV2_SYMBOL_EXTERN extern "C"
      |                             ^
In file included from jni/../plugin/gx_boobtube.cpp:69:
In file included from jni/../dsp/zita-resampler-1.1.0/resampler.cc:25:
jni/../dsp/zita-resampler-1.1.0/zita-resampler/resampler.h:72:26: warning: private field '_dummy' is not used [-Wunused-private-field]
   72 |     void                *_dummy [8];
      |                          ^
In file included from jni/../plugin/gx_boobtube.cpp:72:
jni/../dsp/boobtube.cc:11:14: warning: private field 'fslider0' is not used [-Wunused-private-field]
   11 |         FAUSTFLOAT      fslider0;
      |                         ^
jni/../dsp/boobtube.cc:19:14: warning: private field 'fslider1' is not used [-Wunused-private-field]
   19 |         FAUSTFLOAT      fslider1;
      |                         ^
jni/../dsp/boobtube.cc:108:14: warning: private field 'fsliderV0' is not used [-Wunused-private-field]
  108 |         FAUSTFLOAT      fsliderV0;
      |                         ^
In file included from jni/../plugin/gx_boobtube.cpp:73:
jni/../dsp/boobtube60.cc:11:14: warning: private field 'fslider0' is not used [-Wunused-private-field]
   11 |         FAUSTFLOAT      fslider0;
      |                         ^
jni/../dsp/boobtube60.cc:19:14: warning: private field 'fslider1' is not used [-Wunused-private-field]
   19 |         FAUSTFLOAT      fslider1;
      |                         ^
jni/../dsp/boobtube60.cc:108:14: warning: private field 'fsliderV0' is not used [-Wunused-private-field]
  108 |         FAUSTFLOAT      fsliderV0;
      |                         ^
9 warnings generated.
[x86_64] Compile++      : gx_boobtube <= gx_boobtube.cpp
jni/../plugin/gx_boobtube.cpp:295:18: warning: variable length arrays in C++ are a Clang extension [-Wvla-cxx-extension]
  295 |   FAUSTFLOAT buf[ReCount];
      |                  ^~~~~~~
jni/../plugin/gx_boobtube.cpp:295:18: note: read of non-const variable 'ReCount' is not allowed in a constant expression
jni/../plugin/gx_boobtube.cpp:291:12: note: declared here
  291 |   uint32_t ReCount = n_samples;
      |            ^
jni/../plugin/gx_boobtube.cpp:431:1: warning: duplicate 'extern' declaration specifier [-Wduplicate-decl-specifier]
  431 | LV2_SYMBOL_EXPORT
      | ^
jni/../../lv2-headers/lv2.h:358:5: note: expanded from macro 'LV2_SYMBOL_EXPORT'
  358 |     LV2_SYMBOL_EXTERN __attribute__((visibility("default")))
      |     ^
jni/../../lv2-headers/lv2.h:345:29: note: expanded from macro 'LV2_SYMBOL_EXTERN'
  345 | #  define LV2_SYMBOL_EXTERN extern "C"
      |                             ^
In file included from jni/../plugin/gx_boobtube.cpp:69:
In file included from jni/../dsp/zita-resampler-1.1.0/resampler.cc:25:
jni/../dsp/zita-resampler-1.1.0/zita-resampler/resampler.h:72:26: warning: private field '_dummy' is not used [-Wunused-private-field]
   72 |     void                *_dummy [8];
      |                          ^
In file included from jni/../plugin/gx_boobtube.cpp:72:
jni/../dsp/boobtube.cc:11:14: warning: private field 'fslider0' is not used [-Wunused-private-field]
   11 |         FAUSTFLOAT      fslider0;
      |                         ^
jni/../dsp/boobtube.cc:19:14: warning: private field 'fslider1' is not used [-Wunused-private-field]
   19 |         FAUSTFLOAT      fslider1;
      |                         ^
jni/../dsp/boobtube.cc:108:14: warning: private field 'fsliderV0' is not used [-Wunused-private-field]
  108 |         FAUSTFLOAT      fsliderV0;
      |                         ^
In file included from jni/../plugin/gx_boobtube.cpp:73:
jni/../dsp/boobtube60.cc:11:14: warning: private field 'fslider0' is not used [-Wunused-private-field]
   11 |         FAUSTFLOAT      fslider0;
      |                         ^
jni/../dsp/boobtube60.cc:19:14: warning: private field 'fslider1' is not used [-Wunused-private-field]
   19 |         FAUSTFLOAT      fslider1;
      |                         ^
jni/../dsp/boobtube60.cc:108:14: warning: private field 'fsliderV0' is not used [-Wunused-private-field]
  108 |         FAUSTFLOAT      fsliderV0;
      |                         ^
9 warnings generated.
[x86] SharedLibrary  : libgx_boobtube.so
[arm64-v8a] Compile++      : gx_boobtube <= gx_boobtube.cpp
jni/../plugin/gx_boobtube.cpp:295:18: warning: variable length arrays in C++ are a Clang extension [-Wvla-cxx-extension]
  295 |   FAUSTFLOAT buf[ReCount];
      |                  ^~~~~~~
jni/../plugin/gx_boobtube.cpp:295:18: note: read of non-const variable 'ReCount' is not allowed in a constant expression
jni/../plugin/gx_boobtube.cpp:291:12: note: declared here
  291 |   uint32_t ReCount = n_samples;
      |            ^
jni/../plugin/gx_boobtube.cpp:431:1: warning: duplicate 'extern' declaration specifier [-Wduplicate-decl-specifier]
  431 | LV2_SYMBOL_EXPORT
      | ^
jni/../../lv2-headers/lv2.h:358:5: note: expanded from macro 'LV2_SYMBOL_EXPORT'
  358 |     LV2_SYMBOL_EXTERN __attribute__((visibility("default")))
      |     ^
jni/../../lv2-headers/lv2.h:345:29: note: expanded from macro 'LV2_SYMBOL_EXTERN'
  345 | #  define LV2_SYMBOL_EXTERN extern "C"
      |                             ^
In file included from jni/../plugin/gx_boobtube.cpp:69:
In file included from jni/../dsp/zita-resampler-1.1.0/resampler.cc:25:
jni/../dsp/zita-resampler-1.1.0/zita-resampler/resampler.h:72:26: warning: private field '_dummy' is not used [-Wunused-private-field]
   72 |     void                *_dummy [8];
      |                          ^
In file included from jni/../plugin/gx_boobtube.cpp:72:
jni/../dsp/boobtube.cc:11:14: warning: private field 'fslider0' is not used [-Wunused-private-field]
   11 |         FAUSTFLOAT      fslider0;
      |                         ^
jni/../dsp/boobtube.cc:19:14: warning: private field 'fslider1' is not used [-Wunused-private-field]
   19 |         FAUSTFLOAT      fslider1;
      |                         ^
jni/../dsp/boobtube.cc:108:14: warning: private field 'fsliderV0' is not used [-Wunused-private-field]
  108 |         FAUSTFLOAT      fsliderV0;
      |                         ^
In file included from jni/../plugin/gx_boobtube.cpp:73:
jni/../dsp/boobtube60.cc:11:14: warning: private field 'fslider0' is not used [-Wunused-private-field]
   11 |         FAUSTFLOAT      fslider0;
      |                         ^
jni/../dsp/boobtube60.cc:19:14: warning: private field 'fslider1' is not used [-Wunused-private-field]
   19 |         FAUSTFLOAT      fslider1;
      |                         ^
jni/../dsp/boobtube60.cc:108:14: warning: private field 'fsliderV0' is not used [-Wunused-private-field]
  108 |         FAUSTFLOAT      fsliderV0;
      |                         ^
9 warnings generated.
[x86] Install        : libgx_boobtube.so => libs/x86/libgx_boobtube.so
[x86_64] SharedLibrary  : libgx_boobtube.so
[x86_64] Install        : libgx_boobtube.so => libs/x86_64/libgx_boobtube.so
[arm64-v8a] SharedLibrary  : libgx_boobtube.so
[arm64-v8a] Install        : libgx_boobtube.so => libs/arm64-v8a/libgx_boobtube.so
[armeabi-v7a] Compile++ thumb: gx_boobtube <= gx_boobtube.cpp
jni/../plugin/gx_boobtube.cpp:295:18: warning: variable length arrays in C++ are a Clang extension [-Wvla-cxx-extension]
  295 |   FAUSTFLOAT buf[ReCount];
      |                  ^~~~~~~
jni/../plugin/gx_boobtube.cpp:295:18: note: read of non-const variable 'ReCount' is not allowed in a constant expression
jni/../plugin/gx_boobtube.cpp:291:12: note: declared here
  291 |   uint32_t ReCount = n_samples;
      |            ^
jni/../plugin/gx_boobtube.cpp:431:1: warning: duplicate 'extern' declaration specifier [-Wduplicate-decl-specifier]
  431 | LV2_SYMBOL_EXPORT
      | ^
jni/../../lv2-headers/lv2.h:358:5: note: expanded from macro 'LV2_SYMBOL_EXPORT'
  358 |     LV2_SYMBOL_EXTERN __attribute__((visibility("default")))
      |     ^
jni/../../lv2-headers/lv2.h:345:29: note: expanded from macro 'LV2_SYMBOL_EXTERN'
  345 | #  define LV2_SYMBOL_EXTERN extern "C"
      |                             ^
In file included from jni/../plugin/gx_boobtube.cpp:69:
In file included from jni/../dsp/zita-resampler-1.1.0/resampler.cc:25:
jni/../dsp/zita-resampler-1.1.0/zita-resampler/resampler.h:72:26: warning: private field '_dummy' is not used [-Wunused-private-field]
   72 |     void                *_dummy [8];
      |                          ^
In file included from jni/../plugin/gx_boobtube.cpp:72:
jni/../dsp/boobtube.cc:11:14: warning: private field 'fslider0' is not used [-Wunused-private-field]
   11 |         FAUSTFLOAT      fslider0;
      |                         ^
jni/../dsp/boobtube.cc:19:14: warning: private field 'fslider1' is not used [-Wunused-private-field]
   19 |         FAUSTFLOAT      fslider1;
      |                         ^
jni/../dsp/boobtube.cc:108:14: warning: private field 'fsliderV0' is not used [-Wunused-private-field]
  108 |         FAUSTFLOAT      fsliderV0;
      |                         ^
In file included from jni/../plugin/gx_boobtube.cpp:73:
jni/../dsp/boobtube60.cc:11:14: warning: private field 'fslider0' is not used [-Wunused-private-field]
   11 |         FAUSTFLOAT      fslider0;
      |                         ^
jni/../dsp/boobtube60.cc:19:14: warning: private field 'fslider1' is not used [-Wunused-private-field]
   19 |         FAUSTFLOAT      fslider1;
      |                         ^
jni/../dsp/boobtube60.cc:108:14: warning: private field 'fsliderV0' is not used [-Wunused-private-field]
  108 |         FAUSTFLOAT      fsliderV0;
      |                         ^
9 warnings generated.
[armeabi-v7a] SharedLibrary  : libgx_boobtube.so
[armeabi-v7a] Install        : libgx_boobtube.so => libs/armeabi-v7a/libgx_boobtube.so
  ✓ Success (4 .so files generated)
Building GxBottleRocket.lv2...
Android NDK: APP_PLATFORM not set. Defaulting to minimum supported version android-21.    
[x86] Compile++      : gx_bottlerocket <= gx_bottlerocket.cpp
jni/../plugin/gx_bottlerocket.cpp:317:1: warning: duplicate 'extern' declaration specifier [-Wduplicate-decl-specifier]
  317 | LV2_SYMBOL_EXPORT
      | ^
jni/../../lv2-headers/lv2.h:358:5: note: expanded from macro 'LV2_SYMBOL_EXPORT'
  358 |     LV2_SYMBOL_EXTERN __attribute__((visibility("default")))
      |     ^
jni/../../lv2-headers/lv2.h:345:29: note: expanded from macro 'LV2_SYMBOL_EXTERN'
  345 | #  define LV2_SYMBOL_EXTERN extern "C"
      |                             ^
In file included from jni/../plugin/gx_bottlerocket.cpp:68:
jni/../dsp/bottlerocket.cc:516:14: warning: private field 'fslider0' is not used [-Wunused-private-field]
  516 |         FAUSTFLOAT      fslider0;
      |                         ^
jni/../dsp/bottlerocket.cc:523:14: warning: private field 'fslider1' is not used [-Wunused-private-field]
  523 |         FAUSTFLOAT      fslider1;
      |                         ^
jni/../dsp/bottlerocket.cc:542:14: warning: private field 'fslider2' is not used [-Wunused-private-field]
  542 |         FAUSTFLOAT      fslider2;
      |                         ^
jni/../dsp/bottlerocket.cc:680:14: warning: private field 'fslider3' is not used [-Wunused-private-field]
  680 |         FAUSTFLOAT      fslider3;
      |                         ^
5 warnings generated.
[x86] SharedLibrary  : libgx_bottlerocket.so
[x86] Install        : libgx_bottlerocket.so => libs/x86/libgx_bottlerocket.so
[x86_64] Compile++      : gx_bottlerocket <= gx_bottlerocket.cpp
jni/../plugin/gx_bottlerocket.cpp:317:1: warning: duplicate 'extern' declaration specifier [-Wduplicate-decl-specifier]
  317 | LV2_SYMBOL_EXPORT
      | ^
jni/../../lv2-headers/lv2.h:358:5: note: expanded from macro 'LV2_SYMBOL_EXPORT'
  358 |     LV2_SYMBOL_EXTERN __attribute__((visibility("default")))
      |     ^
jni/../../lv2-headers/lv2.h:345:29: note: expanded from macro 'LV2_SYMBOL_EXTERN'
  345 | #  define LV2_SYMBOL_EXTERN extern "C"
      |                             ^
In file included from jni/../plugin/gx_bottlerocket.cpp:68:
jni/../dsp/bottlerocket.cc:516:14: warning: private field 'fslider0' is not used [-Wunused-private-field]
  516 |         FAUSTFLOAT      fslider0;
      |                         ^
jni/../dsp/bottlerocket.cc:523:14: warning: private field 'fslider1' is not used [-Wunused-private-field]
  523 |         FAUSTFLOAT      fslider1;
      |                         ^
jni/../dsp/bottlerocket.cc:542:14: warning: private field 'fslider2' is not used [-Wunused-private-field]
  542 |         FAUSTFLOAT      fslider2;
      |                         ^
jni/../dsp/bottlerocket.cc:680:14: warning: private field 'fslider3' is not used [-Wunused-private-field]
  680 |         FAUSTFLOAT      fslider3;
      |                         ^
5 warnings generated.
[x86_64] SharedLibrary  : libgx_bottlerocket.so
[x86_64] Install        : libgx_bottlerocket.so => libs/x86_64/libgx_bottlerocket.so
[arm64-v8a] Compile++      : gx_bottlerocket <= gx_bottlerocket.cpp
jni/../plugin/gx_bottlerocket.cpp:317:1: warning: duplicate 'extern' declaration specifier [-Wduplicate-decl-specifier]
  317 | LV2_SYMBOL_EXPORT
      | ^
jni/../../lv2-headers/lv2.h:358:5: note: expanded from macro 'LV2_SYMBOL_EXPORT'
  358 |     LV2_SYMBOL_EXTERN __attribute__((visibility("default")))
      |     ^
jni/../../lv2-headers/lv2.h:345:29: note: expanded from macro 'LV2_SYMBOL_EXTERN'
  345 | #  define LV2_SYMBOL_EXTERN extern "C"
      |                             ^
In file included from jni/../plugin/gx_bottlerocket.cpp:68:
jni/../dsp/bottlerocket.cc:516:14: warning: private field 'fslider0' is not used [-Wunused-private-field]
  516 |         FAUSTFLOAT      fslider0;
      |                         ^
jni/../dsp/bottlerocket.cc:523:14: warning: private field 'fslider1' is not used [-Wunused-private-field]
  523 |         FAUSTFLOAT      fslider1;
      |                         ^
jni/../dsp/bottlerocket.cc:542:14: warning: private field 'fslider2' is not used [-Wunused-private-field]
  542 |         FAUSTFLOAT      fslider2;
      |                         ^
jni/../dsp/bottlerocket.cc:680:14: warning: private field 'fslider3' is not used [-Wunused-private-field]
  680 |         FAUSTFLOAT      fslider3;
      |                         ^
5 warnings generated.
[arm64-v8a] SharedLibrary  : libgx_bottlerocket.so
[arm64-v8a] Install        : libgx_bottlerocket.so => libs/arm64-v8a/libgx_bottlerocket.so
[armeabi-v7a] Compile++ thumb: gx_bottlerocket <= gx_bottlerocket.cpp
jni/../plugin/gx_bottlerocket.cpp:317:1: warning: duplicate 'extern' declaration specifier [-Wduplicate-decl-specifier]
  317 | LV2_SYMBOL_EXPORT
      | ^
jni/../../lv2-headers/lv2.h:358:5: note: expanded from macro 'LV2_SYMBOL_EXPORT'
  358 |     LV2_SYMBOL_EXTERN __attribute__((visibility("default")))
      |     ^
jni/../../lv2-headers/lv2.h:345:29: note: expanded from macro 'LV2_SYMBOL_EXTERN'
  345 | #  define LV2_SYMBOL_EXTERN extern "C"
      |                             ^
In file included from jni/../plugin/gx_bottlerocket.cpp:68:
jni/../dsp/bottlerocket.cc:516:14: warning: private field 'fslider0' is not used [-Wunused-private-field]
  516 |         FAUSTFLOAT      fslider0;
      |                         ^
jni/../dsp/bottlerocket.cc:523:14: warning: private field 'fslider1' is not used [-Wunused-private-field]
  523 |         FAUSTFLOAT      fslider1;
      |                         ^
jni/../dsp/bottlerocket.cc:542:14: warning: private field 'fslider2' is not used [-Wunused-private-field]
  542 |         FAUSTFLOAT      fslider2;
      |                         ^
jni/../dsp/bottlerocket.cc:680:14: warning: private field 'fslider3' is not used [-Wunused-private-field]
  680 |         FAUSTFLOAT      fslider3;
      |                         ^
5 warnings generated.
[armeabi-v7a] SharedLibrary  : libgx_bottlerocket.so
[armeabi-v7a] Install        : libgx_bottlerocket.so => libs/armeabi-v7a/libgx_bottlerocket.so
  ✓ Success (4 .so files generated)
Building GxClubDrive.lv2...
Android NDK: APP_PLATFORM not set. Defaulting to minimum supported version android-21.    
[x86] Compile++      : gx_clubdrive <= gx_clubdrive.cpp
In file included from jni/../plugin/gx_clubdrive.cpp:61:
jni/../dsp/clubdrive.cc:239:17: warning: variable length arrays in C++ are a Clang extension [-Wvla-cxx-extension]
  239 |         FAUSTFLOAT buf[smp.max_out_count(count)];
      |                        ^~~~~~~~~~~~~~~~~~~~~~~~
jni/../dsp/clubdrive.cc:239:17: note: implicit use of 'this' pointer is only allowed within the evaluation of a call to a 'constexpr' member function
jni/../plugin/gx_clubdrive.cpp:190:18: warning: variable length arrays in C++ are a Clang extension [-Wvla-cxx-extension]
  190 |   FAUSTFLOAT buf[n_samples];
      |                  ^~~~~~~~~
jni/../plugin/gx_clubdrive.cpp:190:18: note: function parameter 'n_samples' with unknown value cannot be used in a constant expression
jni/../plugin/gx_clubdrive.cpp:188:39: note: declared here
  188 | void Gx_clubdrive_::run_dsp_(uint32_t n_samples)
      |                                       ^
jni/../plugin/gx_clubdrive.cpp:334:1: warning: duplicate 'extern' declaration specifier [-Wduplicate-decl-specifier]
  334 | LV2_SYMBOL_EXPORT
      | ^
jni/../../lv2-headers/lv2.h:358:5: note: expanded from macro 'LV2_SYMBOL_EXPORT'
  358 |     LV2_SYMBOL_EXTERN __attribute__((visibility("default")))
      |     ^
jni/../../lv2-headers/lv2.h:345:29: note: expanded from macro 'LV2_SYMBOL_EXTERN'
  345 | #  define LV2_SYMBOL_EXTERN extern "C"
      |                             ^
In file included from jni/../plugin/gx_clubdrive.cpp:57:
In file included from jni/../dsp/zita-resampler-1.1.0/resampler.cc:25:
jni/../dsp/zita-resampler-1.1.0/zita-resampler/resampler.h:72:26: warning: private field '_dummy' is not used [-Wunused-private-field]
   72 |     void                *_dummy [8];
      |                          ^
In file included from jni/../plugin/gx_clubdrive.cpp:60:
In file included from jni/../dsp/gx_resampler.cc:20:
jni/../dsp/gx_resampler.h:42:9: warning: private field 'last_in_count' is not used [-Wunused-private-field]
   42 |     int last_in_count;
      |         ^
In file included from jni/../plugin/gx_clubdrive.cpp:61:
jni/../dsp/clubdrive.cc:96:13: warning: private field 'fVbargraph0' is not used [-Wunused-private-field]
   96 |         FAUSTFLOAT fVbargraph0;
      |                    ^
6 warnings generated.
[x86] SharedLibrary  : libgx_clubdrive.so
[x86] Install        : libgx_clubdrive.so => libs/x86/libgx_clubdrive.so
[armeabi-v7a] Compile++ thumb: gx_clubdrive <= gx_clubdrive.cpp
In file included from jni/../plugin/gx_clubdrive.cpp:61:
jni/../dsp/clubdrive.cc:239:17: warning: variable length arrays in C++ are a Clang extension [-Wvla-cxx-extension]
  239 |         FAUSTFLOAT buf[smp.max_out_count(count)];
      |                        ^~~~~~~~~~~~~~~~~~~~~~~~
jni/../dsp/clubdrive.cc:239:17: note: implicit use of 'this' pointer is only allowed within the evaluation of a call to a 'constexpr' member function
jni/../plugin/gx_clubdrive.cpp:190:18: warning: variable length arrays in C++ are a Clang extension [-Wvla-cxx-extension]
  190 |   FAUSTFLOAT buf[n_samples];
      |                  ^~~~~~~~~
jni/../plugin/gx_clubdrive.cpp:190:18: note: function parameter 'n_samples' with unknown value cannot be used in a constant expression
jni/../plugin/gx_clubdrive.cpp:188:39: note: declared here
  188 | void Gx_clubdrive_::run_dsp_(uint32_t n_samples)
      |                                       ^
jni/../plugin/gx_clubdrive.cpp:334:1: warning: duplicate 'extern' declaration specifier [-Wduplicate-decl-specifier]
  334 | LV2_SYMBOL_EXPORT
      | ^
jni/../../lv2-headers/lv2.h:358:5: note: expanded from macro 'LV2_SYMBOL_EXPORT'
  358 |     LV2_SYMBOL_EXTERN __attribute__((visibility("default")))
      |     ^
jni/../../lv2-headers/lv2.h:345:29: note: expanded from macro 'LV2_SYMBOL_EXTERN'
  345 | #  define LV2_SYMBOL_EXTERN extern "C"
      |                             ^
In file included from jni/../plugin/gx_clubdrive.cpp:57:
In file included from jni/../dsp/zita-resampler-1.1.0/resampler.cc:25:
jni/../dsp/zita-resampler-1.1.0/zita-resampler/resampler.h:72:26: warning: private field '_dummy' is not used [-Wunused-private-field]
   72 |     void                *_dummy [8];
      |                          ^
In file included from jni/../plugin/gx_clubdrive.cpp:60:
In file included from jni/../dsp/gx_resampler.cc:20:
jni/../dsp/gx_resampler.h:42:9: warning: private field 'last_in_count' is not used [-Wunused-private-field]
   42 |     int last_in_count;
      |         ^
In file included from jni/../plugin/gx_clubdrive.cpp:61:
jni/../dsp/clubdrive.cc:96:13: warning: private field 'fVbargraph0' is not used [-Wunused-private-field]
   96 |         FAUSTFLOAT fVbargraph0;
      |                    ^
6 warnings generated.
[arm64-v8a] Compile++      : gx_clubdrive <= gx_clubdrive.cpp
In file included from jni/../plugin/gx_clubdrive.cpp:61:
jni/../dsp/clubdrive.cc:239:17: warning: variable length arrays in C++ are a Clang extension [-Wvla-cxx-extension]
  239 |         FAUSTFLOAT buf[smp.max_out_count(count)];
      |                        ^~~~~~~~~~~~~~~~~~~~~~~~
jni/../dsp/clubdrive.cc:239:17: note: implicit use of 'this' pointer is only allowed within the evaluation of a call to a 'constexpr' member function
jni/../plugin/gx_clubdrive.cpp:190:18: warning: variable length arrays in C++ are a Clang extension [-Wvla-cxx-extension]
  190 |   FAUSTFLOAT buf[n_samples];
      |                  ^~~~~~~~~
jni/../plugin/gx_clubdrive.cpp:190:18: note: function parameter 'n_samples' with unknown value cannot be used in a constant expression
jni/../plugin/gx_clubdrive.cpp:188:39: note: declared here
  188 | void Gx_clubdrive_::run_dsp_(uint32_t n_samples)
      |                                       ^
jni/../plugin/gx_clubdrive.cpp:334:1: warning: duplicate 'extern' declaration specifier [-Wduplicate-decl-specifier]
  334 | LV2_SYMBOL_EXPORT
      | ^
jni/../../lv2-headers/lv2.h:358:5: note: expanded from macro 'LV2_SYMBOL_EXPORT'
  358 |     LV2_SYMBOL_EXTERN __attribute__((visibility("default")))
      |     ^
jni/../../lv2-headers/lv2.h:345:29: note: expanded from macro 'LV2_SYMBOL_EXTERN'
  345 | #  define LV2_SYMBOL_EXTERN extern "C"
      |                             ^
In file included from jni/../plugin/gx_clubdrive.cpp:57:
In file included from jni/../dsp/zita-resampler-1.1.0/resampler.cc:25:
jni/../dsp/zita-resampler-1.1.0/zita-resampler/resampler.h:72:26: warning: private field '_dummy' is not used [-Wunused-private-field]
   72 |     void                *_dummy [8];
      |                          ^
In file included from jni/../plugin/gx_clubdrive.cpp:60:
In file included from jni/../dsp/gx_resampler.cc:20:
jni/../dsp/gx_resampler.h:42:9: warning: private field 'last_in_count' is not used [-Wunused-private-field]
   42 |     int last_in_count;
      |         ^
In file included from jni/../plugin/gx_clubdrive.cpp:61:
jni/../dsp/clubdrive.cc:96:13: warning: private field 'fVbargraph0' is not used [-Wunused-private-field]
   96 |         FAUSTFLOAT fVbargraph0;
      |                    ^
6 warnings generated.
[armeabi-v7a] SharedLibrary  : libgx_clubdrive.so
[armeabi-v7a] Install        : libgx_clubdrive.so => libs/armeabi-v7a/libgx_clubdrive.so
[arm64-v8a] SharedLibrary  : libgx_clubdrive.so
[arm64-v8a] Install        : libgx_clubdrive.so => libs/arm64-v8a/libgx_clubdrive.so
[x86_64] Compile++      : gx_clubdrive <= gx_clubdrive.cpp
In file included from jni/../plugin/gx_clubdrive.cpp:61:
jni/../dsp/clubdrive.cc:239:17: warning: variable length arrays in C++ are a Clang extension [-Wvla-cxx-extension]
  239 |         FAUSTFLOAT buf[smp.max_out_count(count)];
      |                        ^~~~~~~~~~~~~~~~~~~~~~~~
jni/../dsp/clubdrive.cc:239:17: note: implicit use of 'this' pointer is only allowed within the evaluation of a call to a 'constexpr' member function
jni/../plugin/gx_clubdrive.cpp:190:18: warning: variable length arrays in C++ are a Clang extension [-Wvla-cxx-extension]
  190 |   FAUSTFLOAT buf[n_samples];
      |                  ^~~~~~~~~
jni/../plugin/gx_clubdrive.cpp:190:18: note: function parameter 'n_samples' with unknown value cannot be used in a constant expression
jni/../plugin/gx_clubdrive.cpp:188:39: note: declared here
  188 | void Gx_clubdrive_::run_dsp_(uint32_t n_samples)
      |                                       ^
jni/../plugin/gx_clubdrive.cpp:334:1: warning: duplicate 'extern' declaration specifier [-Wduplicate-decl-specifier]
  334 | LV2_SYMBOL_EXPORT
      | ^
jni/../../lv2-headers/lv2.h:358:5: note: expanded from macro 'LV2_SYMBOL_EXPORT'
  358 |     LV2_SYMBOL_EXTERN __attribute__((visibility("default")))
      |     ^
jni/../../lv2-headers/lv2.h:345:29: note: expanded from macro 'LV2_SYMBOL_EXTERN'
  345 | #  define LV2_SYMBOL_EXTERN extern "C"
      |                             ^
In file included from jni/../plugin/gx_clubdrive.cpp:57:
In file included from jni/../dsp/zita-resampler-1.1.0/resampler.cc:25:
jni/../dsp/zita-resampler-1.1.0/zita-resampler/resampler.h:72:26: warning: private field '_dummy' is not used [-Wunused-private-field]
   72 |     void                *_dummy [8];
      |                          ^
In file included from jni/../plugin/gx_clubdrive.cpp:60:
In file included from jni/../dsp/gx_resampler.cc:20:
jni/../dsp/gx_resampler.h:42:9: warning: private field 'last_in_count' is not used [-Wunused-private-field]
   42 |     int last_in_count;
      |         ^
In file included from jni/../plugin/gx_clubdrive.cpp:61:
jni/../dsp/clubdrive.cc:96:13: warning: private field 'fVbargraph0' is not used [-Wunused-private-field]
   96 |         FAUSTFLOAT fVbargraph0;
      |                    ^
6 warnings generated.
[x86_64] SharedLibrary  : libgx_clubdrive.so
[x86_64] Install        : libgx_clubdrive.so => libs/x86_64/libgx_clubdrive.so
  ✓ Success (4 .so files generated)
Building GxCreamMachine.lv2...
Android NDK: APP_PLATFORM not set. Defaulting to minimum supported version android-21.    
[x86] Compile++      : gx_CreamMachine <= gx_CreamMachine.cpp
jni/../plugin/gx_CreamMachine.cpp:271:18: warning: variable length arrays in C++ are a Clang extension [-Wvla-cxx-extension]
  271 |   FAUSTFLOAT buf[ReCount];
      |                  ^~~~~~~
jni/../plugin/gx_CreamMachine.cpp:271:18: note: read of non-const variable 'ReCount' is not allowed in a constant expression
jni/../plugin/gx_CreamMachine.cpp:267:12: note: declared here
  267 |   uint32_t ReCount = n_samples;
      |            ^
In file included from jni/../plugin/gx_CreamMachine.cpp:69:
In file included from jni/../dsp/zita-resampler-1.1.0/resampler.cc:25:
jni/../dsp/zita-resampler-1.1.0/zita-resampler/resampler.h:72:26: warning: private field '_dummy' is not used [-Wunused-private-field]
   72 |     void                *_dummy [8];
      |                          ^
In file included from jni/../plugin/gx_CreamMachine.cpp:72:
jni/../dsp/CreamMachine.cc:36:14: warning: private field 'fslider0' is not used [-Wunused-private-field]
   36 |         FAUSTFLOAT      fslider0;
      |                         ^
jni/../dsp/CreamMachine.cc:54:14: warning: private field 'fslider1' is not used [-Wunused-private-field]
   54 |         FAUSTFLOAT      fslider1;
      |                         ^
jni/../dsp/CreamMachine.cc:187:14: warning: private field 'fslider2' is not used [-Wunused-private-field]
  187 |         FAUSTFLOAT      fslider2;
      |                         ^
jni/../dsp/CreamMachine.cc:191:14: warning: private field 'fslider3' is not used [-Wunused-private-field]
  191 |         FAUSTFLOAT      fslider3;
      |                         ^
6 warnings generated.
[x86] SharedLibrary  : libgx_CreamMachine.so
[x86] Install        : libgx_CreamMachine.so => libs/x86/libgx_CreamMachine.so
[armeabi-v7a] Compile++ thumb: gx_CreamMachine <= gx_CreamMachine.cpp
jni/../plugin/gx_CreamMachine.cpp:271:18: warning: variable length arrays in C++ are a Clang extension [-Wvla-cxx-extension]
  271 |   FAUSTFLOAT buf[ReCount];
      |                  ^~~~~~~
jni/../plugin/gx_CreamMachine.cpp:271:18: note: read of non-const variable 'ReCount' is not allowed in a constant expression
jni/../plugin/gx_CreamMachine.cpp:267:12: note: declared here
  267 |   uint32_t ReCount = n_samples;
      |            ^
In file included from jni/../plugin/gx_CreamMachine.cpp:69:
In file included from jni/../dsp/zita-resampler-1.1.0/resampler.cc:25:
jni/../dsp/zita-resampler-1.1.0/zita-resampler/resampler.h:72:26: warning: private field '_dummy' is not used [-Wunused-private-field]
   72 |     void                *_dummy [8];
      |                          ^
In file included from jni/../plugin/gx_CreamMachine.cpp:72:
jni/../dsp/CreamMachine.cc:36:14: warning: private field 'fslider0' is not used [-Wunused-private-field]
   36 |         FAUSTFLOAT      fslider0;
      |                         ^
jni/../dsp/CreamMachine.cc:54:14: warning: private field 'fslider1' is not used [-Wunused-private-field]
   54 |         FAUSTFLOAT      fslider1;
      |                         ^
jni/../dsp/CreamMachine.cc:187:14: warning: private field 'fslider2' is not used [-Wunused-private-field]
  187 |         FAUSTFLOAT      fslider2;
      |                         ^
jni/../dsp/CreamMachine.cc:191:14: warning: private field 'fslider3' is not used [-Wunused-private-field]
  191 |         FAUSTFLOAT      fslider3;
      |                         ^
6 warnings generated.
[x86_64] Compile++      : gx_CreamMachine <= gx_CreamMachine.cpp
jni/../plugin/gx_CreamMachine.cpp:271:18: warning: variable length arrays in C++ are a Clang extension [-Wvla-cxx-extension]
  271 |   FAUSTFLOAT buf[ReCount];
      |                  ^~~~~~~
jni/../plugin/gx_CreamMachine.cpp:271:18: note: read of non-const variable 'ReCount' is not allowed in a constant expression
jni/../plugin/gx_CreamMachine.cpp:267:12: note: declared here
  267 |   uint32_t ReCount = n_samples;
      |            ^
In file included from jni/../plugin/gx_CreamMachine.cpp:69:
In file included from jni/../dsp/zita-resampler-1.1.0/resampler.cc:25:
jni/../dsp/zita-resampler-1.1.0/zita-resampler/resampler.h:72:26: warning: private field '_dummy' is not used [-Wunused-private-field]
   72 |     void                *_dummy [8];
      |                          ^
In file included from jni/../plugin/gx_CreamMachine.cpp:72:
jni/../dsp/CreamMachine.cc:36:14: warning: private field 'fslider0' is not used [-Wunused-private-field]
   36 |         FAUSTFLOAT      fslider0;
      |                         ^
jni/../dsp/CreamMachine.cc:54:14: warning: private field 'fslider1' is not used [-Wunused-private-field]
   54 |         FAUSTFLOAT      fslider1;
      |                         ^
jni/../dsp/CreamMachine.cc:187:14: warning: private field 'fslider2' is not used [-Wunused-private-field]
  187 |         FAUSTFLOAT      fslider2;
      |                         ^
jni/../dsp/CreamMachine.cc:191:14: warning: private field 'fslider3' is not used [-Wunused-private-field]
  191 |         FAUSTFLOAT      fslider3;
      |                         ^
6 warnings generated.
[arm64-v8a] Compile++      : gx_CreamMachine <= gx_CreamMachine.cpp
jni/../plugin/gx_CreamMachine.cpp:271:18: warning: variable length arrays in C++ are a Clang extension [-Wvla-cxx-extension]
  271 |   FAUSTFLOAT buf[ReCount];
      |                  ^~~~~~~
jni/../plugin/gx_CreamMachine.cpp:271:18: note: read of non-const variable 'ReCount' is not allowed in a constant expression
jni/../plugin/gx_CreamMachine.cpp:267:12: note: declared here
  267 |   uint32_t ReCount = n_samples;
      |            ^
In file included from jni/../plugin/gx_CreamMachine.cpp:69:
In file included from jni/../dsp/zita-resampler-1.1.0/resampler.cc:25:
jni/../dsp/zita-resampler-1.1.0/zita-resampler/resampler.h:72:26: warning: private field '_dummy' is not used [-Wunused-private-field]
   72 |     void                *_dummy [8];
      |                          ^
In file included from jni/../plugin/gx_CreamMachine.cpp:72:
jni/../dsp/CreamMachine.cc:36:14: warning: private field 'fslider0' is not used [-Wunused-private-field]
   36 |         FAUSTFLOAT      fslider0;
      |                         ^
jni/../dsp/CreamMachine.cc:54:14: warning: private field 'fslider1' is not used [-Wunused-private-field]
   54 |         FAUSTFLOAT      fslider1;
      |                         ^
jni/../dsp/CreamMachine.cc:187:14: warning: private field 'fslider2' is not used [-Wunused-private-field]
  187 |         FAUSTFLOAT      fslider2;
      |                         ^
jni/../dsp/CreamMachine.cc:191:14: warning: private field 'fslider3' is not used [-Wunused-private-field]
  191 |         FAUSTFLOAT      fslider3;
      |                         ^
6 warnings generated.
[armeabi-v7a] SharedLibrary  : libgx_CreamMachine.so
[x86_64] SharedLibrary  : libgx_CreamMachine.so
[armeabi-v7a] Install        : libgx_CreamMachine.so => libs/armeabi-v7a/libgx_CreamMachine.so
[x86_64] Install        : libgx_CreamMachine.so => libs/x86_64/libgx_CreamMachine.so
[arm64-v8a] SharedLibrary  : libgx_CreamMachine.so
[arm64-v8a] Install        : libgx_CreamMachine.so => libs/arm64-v8a/libgx_CreamMachine.so
  ✓ Success (4 .so files generated)
Building GxDOP250.lv2...
Android NDK: APP_PLATFORM not set. Defaulting to minimum supported version android-21.    
[armeabi-v7a] Compile++ thumb: gx_DOP250 <= gx_DOP250.cpp
jni/../plugin/gx_DOP250.cpp:317:1: warning: duplicate 'extern' declaration specifier [-Wduplicate-decl-specifier]
  317 | LV2_SYMBOL_EXPORT
      | ^
jni/../../lv2-headers/lv2.h:358:5: note: expanded from macro 'LV2_SYMBOL_EXPORT'
  358 |     LV2_SYMBOL_EXTERN __attribute__((visibility("default")))
      |     ^
jni/../../lv2-headers/lv2.h:345:29: note: expanded from macro 'LV2_SYMBOL_EXTERN'
  345 | #  define LV2_SYMBOL_EXTERN extern "C"
      |                             ^
In file included from jni/../plugin/gx_DOP250.cpp:68:
jni/../dsp/DOP250.cc:17:14: warning: private field 'fslider0' is not used [-Wunused-private-field]
   17 |         FAUSTFLOAT      fslider0;
      |                         ^
jni/../dsp/DOP250.cc:48:14: warning: private field 'fslider1' is not used [-Wunused-private-field]
   48 |         FAUSTFLOAT      fslider1;
      |                         ^
3 warnings generated.
[x86_64] Compile++      : gx_DOP250 <= gx_DOP250.cpp
jni/../plugin/gx_DOP250.cpp:317:1: warning: duplicate 'extern' declaration specifier [-Wduplicate-decl-specifier]
  317 | LV2_SYMBOL_EXPORT
      | ^
jni/../../lv2-headers/lv2.h:358:5: note: expanded from macro 'LV2_SYMBOL_EXPORT'
  358 |     LV2_SYMBOL_EXTERN __attribute__((visibility("default")))
      |     ^
jni/../../lv2-headers/lv2.h:345:29: note: expanded from macro 'LV2_SYMBOL_EXTERN'
  345 | #  define LV2_SYMBOL_EXTERN extern "C"
      |                             ^
In file included from jni/../plugin/gx_DOP250.cpp:68:
jni/../dsp/DOP250.cc:17:14: warning: private field 'fslider0' is not used [-Wunused-private-field]
   17 |         FAUSTFLOAT      fslider0;
      |                         ^
jni/../dsp/DOP250.cc:48:14: warning: private field 'fslider1' is not used [-Wunused-private-field]
   48 |         FAUSTFLOAT      fslider1;
      |                         ^
3 warnings generated.
[arm64-v8a] Compile++      : gx_DOP250 <= gx_DOP250.cpp
jni/../plugin/gx_DOP250.cpp:317:1: warning: duplicate 'extern' declaration specifier [-Wduplicate-decl-specifier]
  317 | LV2_SYMBOL_EXPORT
      | ^
jni/../../lv2-headers/lv2.h:358:5: note: expanded from macro 'LV2_SYMBOL_EXPORT'
  358 |     LV2_SYMBOL_EXTERN __attribute__((visibility("default")))
      |     ^
jni/../../lv2-headers/lv2.h:345:29: note: expanded from macro 'LV2_SYMBOL_EXTERN'
  345 | #  define LV2_SYMBOL_EXTERN extern "C"
      |                             ^
In file included from jni/../plugin/gx_DOP250.cpp:68:
jni/../dsp/DOP250.cc:17:14: warning: private field 'fslider0' is not used [-Wunused-private-field]
   17 |         FAUSTFLOAT      fslider0;
      |                         ^
jni/../dsp/DOP250.cc:48:14: warning: private field 'fslider1' is not used [-Wunused-private-field]
   48 |         FAUSTFLOAT      fslider1;
      |                         ^
3 warnings generated.
[armeabi-v7a] SharedLibrary  : libgx_DOP250.so
[x86_64] SharedLibrary  : libgx_DOP250.so
[armeabi-v7a] Install        : libgx_DOP250.so => libs/armeabi-v7a/libgx_DOP250.so
[arm64-v8a] SharedLibrary  : libgx_DOP250.so
[x86_64] Install        : libgx_DOP250.so => libs/x86_64/libgx_DOP250.so
[arm64-v8a] Install        : libgx_DOP250.so => libs/arm64-v8a/libgx_DOP250.so
[x86] Compile++      : gx_DOP250 <= gx_DOP250.cpp
jni/../plugin/gx_DOP250.cpp:317:1: warning: duplicate 'extern' declaration specifier [-Wduplicate-decl-specifier]
  317 | LV2_SYMBOL_EXPORT
      | ^
jni/../../lv2-headers/lv2.h:358:5: note: expanded from macro 'LV2_SYMBOL_EXPORT'
  358 |     LV2_SYMBOL_EXTERN __attribute__((visibility("default")))
      |     ^
jni/../../lv2-headers/lv2.h:345:29: note: expanded from macro 'LV2_SYMBOL_EXTERN'
  345 | #  define LV2_SYMBOL_EXTERN extern "C"
      |                             ^
In file included from jni/../plugin/gx_DOP250.cpp:68:
jni/../dsp/DOP250.cc:17:14: warning: private field 'fslider0' is not used [-Wunused-private-field]
   17 |         FAUSTFLOAT      fslider0;
      |                         ^
jni/../dsp/DOP250.cc:48:14: warning: private field 'fslider1' is not used [-Wunused-private-field]
   48 |         FAUSTFLOAT      fslider1;
      |                         ^
3 warnings generated.
[x86] SharedLibrary  : libgx_DOP250.so
[x86] Install        : libgx_DOP250.so => libs/x86/libgx_DOP250.so
  ✓ Success (4 .so files generated)
Building GxEpic.lv2...
Android NDK: APP_PLATFORM not set. Defaulting to minimum supported version android-21.    
[x86] Compile++      : gx_epic <= gx_epic.cpp
jni/../plugin/gx_epic.cpp:230:18: warning: variable length arrays in C++ are a Clang extension [-Wvla-cxx-extension]
  230 |   FAUSTFLOAT buf[n_samples];
      |                  ^~~~~~~~~
jni/../plugin/gx_epic.cpp:230:18: note: function parameter 'n_samples' with unknown value cannot be used in a constant expression
jni/../plugin/gx_epic.cpp:228:34: note: declared here
  228 | void Gx_epic_::run_dsp_(uint32_t n_samples)
      |                                  ^
jni/../plugin/gx_epic.cpp:231:19: warning: variable length arrays in C++ are a Clang extension [-Wvla-cxx-extension]
  231 |   FAUSTFLOAT bbuf[n_samples];
      |                   ^~~~~~~~~
jni/../plugin/gx_epic.cpp:231:19: note: function parameter 'n_samples' with unknown value cannot be used in a constant expression
jni/../plugin/gx_epic.cpp:228:34: note: declared here
  228 | void Gx_epic_::run_dsp_(uint32_t n_samples)
      |                                  ^
jni/../plugin/gx_epic.cpp:432:1: warning: duplicate 'extern' declaration specifier [-Wduplicate-decl-specifier]
  432 | LV2_SYMBOL_EXPORT
      | ^
jni/../../lv2-headers/lv2.h:358:5: note: expanded from macro 'LV2_SYMBOL_EXPORT'
  358 |     LV2_SYMBOL_EXTERN __attribute__((visibility("default")))
      |     ^
jni/../../lv2-headers/lv2.h:345:29: note: expanded from macro 'LV2_SYMBOL_EXTERN'
  345 | #  define LV2_SYMBOL_EXTERN extern "C"
      |                             ^
In file included from jni/../plugin/gx_epic.cpp:68:
jni/../dsp/epic.cc:30:14: warning: private field 'fslider0' is not used [-Wunused-private-field]
   30 |         FAUSTFLOAT      fslider0;
      |                         ^
jni/../dsp/epic.cc:53:14: warning: private field 'fslider1' is not used [-Wunused-private-field]
   53 |         FAUSTFLOAT      fslider1;
      |                         ^
jni/../dsp/epic.cc:74:14: warning: private field 'fslider2' is not used [-Wunused-private-field]
   74 |         FAUSTFLOAT      fslider2;
      |                         ^
In file included from jni/../plugin/gx_epic.cpp:69:
jni/../dsp/epicbooster.cc:18:14: warning: private field 'fslider0' is not used [-Wunused-private-field]
   18 |         FAUSTFLOAT      fslider0;
      |                         ^
7 warnings generated.
[x86_64] Compile++      : gx_epic <= gx_epic.cpp
jni/../plugin/gx_epic.cpp:230:18: warning: variable length arrays in C++ are a Clang extension [-Wvla-cxx-extension]
  230 |   FAUSTFLOAT buf[n_samples];
      |                  ^~~~~~~~~
jni/../plugin/gx_epic.cpp:230:18: note: function parameter 'n_samples' with unknown value cannot be used in a constant expression
jni/../plugin/gx_epic.cpp:228:34: note: declared here
  228 | void Gx_epic_::run_dsp_(uint32_t n_samples)
      |                                  ^
jni/../plugin/gx_epic.cpp:231:19: warning: variable length arrays in C++ are a Clang extension [-Wvla-cxx-extension]
  231 |   FAUSTFLOAT bbuf[n_samples];
      |                   ^~~~~~~~~
jni/../plugin/gx_epic.cpp:231:19: note: function parameter 'n_samples' with unknown value cannot be used in a constant expression
jni/../plugin/gx_epic.cpp:228:34: note: declared here
  228 | void Gx_epic_::run_dsp_(uint32_t n_samples)
      |                                  ^
jni/../plugin/gx_epic.cpp:432:1: warning: duplicate 'extern' declaration specifier [-Wduplicate-decl-specifier]
  432 | LV2_SYMBOL_EXPORT
      | ^
jni/../../lv2-headers/lv2.h:358:5: note: expanded from macro 'LV2_SYMBOL_EXPORT'
  358 |     LV2_SYMBOL_EXTERN __attribute__((visibility("default")))
      |     ^
jni/../../lv2-headers/lv2.h:345:29: note: expanded from macro 'LV2_SYMBOL_EXTERN'
  345 | #  define LV2_SYMBOL_EXTERN extern "C"
      |                             ^
In file included from jni/../plugin/gx_epic.cpp:68:
jni/../dsp/epic.cc:30:14: warning: private field 'fslider0' is not used [-Wunused-private-field]
   30 |         FAUSTFLOAT      fslider0;
      |                         ^
jni/../dsp/epic.cc:53:14: warning: private field 'fslider1' is not used [-Wunused-private-field]
   53 |         FAUSTFLOAT      fslider1;
      |                         ^
jni/../dsp/epic.cc:74:14: warning: private field 'fslider2' is not used [-Wunused-private-field]
   74 |         FAUSTFLOAT      fslider2;
      |                         ^
In file included from jni/../plugin/gx_epic.cpp:69:
jni/../dsp/epicbooster.cc:18:14: warning: private field 'fslider0' is not used [-Wunused-private-field]
   18 |         FAUSTFLOAT      fslider0;
      |                         ^
7 warnings generated.
[x86] SharedLibrary  : libgx_epic.so
[x86] Install        : libgx_epic.so => libs/x86/libgx_epic.so
[x86_64] SharedLibrary  : libgx_epic.so
[armeabi-v7a] Compile++ thumb: gx_epic <= gx_epic.cpp
jni/../plugin/gx_epic.cpp:230:18: warning: variable length arrays in C++ are a Clang extension [-Wvla-cxx-extension]
  230 |   FAUSTFLOAT buf[n_samples];
      |                  ^~~~~~~~~
jni/../plugin/gx_epic.cpp:230:18: note: function parameter 'n_samples' with unknown value cannot be used in a constant expression
jni/../plugin/gx_epic.cpp:228:34: note: declared here
  228 | void Gx_epic_::run_dsp_(uint32_t n_samples)
      |                                  ^
jni/../plugin/gx_epic.cpp:231:19: warning: variable length arrays in C++ are a Clang extension [-Wvla-cxx-extension]
  231 |   FAUSTFLOAT bbuf[n_samples];
      |                   ^~~~~~~~~
jni/../plugin/gx_epic.cpp:231:19: note: function parameter 'n_samples' with unknown value cannot be used in a constant expression
jni/../plugin/gx_epic.cpp:228:34: note: declared here
  228 | void Gx_epic_::run_dsp_(uint32_t n_samples)
      |                                  ^
jni/../plugin/gx_epic.cpp:432:1: warning: duplicate 'extern' declaration specifier [-Wduplicate-decl-specifier]
  432 | LV2_SYMBOL_EXPORT
      | ^
jni/../../lv2-headers/lv2.h:358:5: note: expanded from macro 'LV2_SYMBOL_EXPORT'
  358 |     LV2_SYMBOL_EXTERN __attribute__((visibility("default")))
      |     ^
jni/../../lv2-headers/lv2.h:345:29: note: expanded from macro 'LV2_SYMBOL_EXTERN'
  345 | #  define LV2_SYMBOL_EXTERN extern "C"
      |                             ^
In file included from jni/../plugin/gx_epic.cpp:68:
jni/../dsp/epic.cc:30:14: warning: private field 'fslider0' is not used [-Wunused-private-field]
   30 |         FAUSTFLOAT      fslider0;
      |                         ^
jni/../dsp/epic.cc:53:14: warning: private field 'fslider1' is not used [-Wunused-private-field]
   53 |         FAUSTFLOAT      fslider1;
      |                         ^
jni/../dsp/epic.cc:74:14: warning: private field 'fslider2' is not used [-Wunused-private-field]
   74 |         FAUSTFLOAT      fslider2;
      |                         ^
In file included from jni/../plugin/gx_epic.cpp:69:
jni/../dsp/epicbooster.cc:18:14: warning: private field 'fslider0' is not used [-Wunused-private-field]
   18 |         FAUSTFLOAT      fslider0;
      |                         ^
7 warnings generated.
[x86_64] Install        : libgx_epic.so => libs/x86_64/libgx_epic.so
[armeabi-v7a] SharedLibrary  : libgx_epic.so
[armeabi-v7a] Install        : libgx_epic.so => libs/armeabi-v7a/libgx_epic.so
[arm64-v8a] Compile++      : gx_epic <= gx_epic.cpp
jni/../plugin/gx_epic.cpp:230:18: warning: variable length arrays in C++ are a Clang extension [-Wvla-cxx-extension]
  230 |   FAUSTFLOAT buf[n_samples];
      |                  ^~~~~~~~~
jni/../plugin/gx_epic.cpp:230:18: note: function parameter 'n_samples' with unknown value cannot be used in a constant expression
jni/../plugin/gx_epic.cpp:228:34: note: declared here
  228 | void Gx_epic_::run_dsp_(uint32_t n_samples)
      |                                  ^
jni/../plugin/gx_epic.cpp:231:19: warning: variable length arrays in C++ are a Clang extension [-Wvla-cxx-extension]
  231 |   FAUSTFLOAT bbuf[n_samples];
      |                   ^~~~~~~~~
jni/../plugin/gx_epic.cpp:231:19: note: function parameter 'n_samples' with unknown value cannot be used in a constant expression
jni/../plugin/gx_epic.cpp:228:34: note: declared here
  228 | void Gx_epic_::run_dsp_(uint32_t n_samples)
      |                                  ^
jni/../plugin/gx_epic.cpp:432:1: warning: duplicate 'extern' declaration specifier [-Wduplicate-decl-specifier]
  432 | LV2_SYMBOL_EXPORT
      | ^
jni/../../lv2-headers/lv2.h:358:5: note: expanded from macro 'LV2_SYMBOL_EXPORT'
  358 |     LV2_SYMBOL_EXTERN __attribute__((visibility("default")))
      |     ^
jni/../../lv2-headers/lv2.h:345:29: note: expanded from macro 'LV2_SYMBOL_EXTERN'
  345 | #  define LV2_SYMBOL_EXTERN extern "C"
      |                             ^
In file included from jni/../plugin/gx_epic.cpp:68:
jni/../dsp/epic.cc:30:14: warning: private field 'fslider0' is not used [-Wunused-private-field]
   30 |         FAUSTFLOAT      fslider0;
      |                         ^
jni/../dsp/epic.cc:53:14: warning: private field 'fslider1' is not used [-Wunused-private-field]
   53 |         FAUSTFLOAT      fslider1;
      |                         ^
jni/../dsp/epic.cc:74:14: warning: private field 'fslider2' is not used [-Wunused-private-field]
   74 |         FAUSTFLOAT      fslider2;
      |                         ^
In file included from jni/../plugin/gx_epic.cpp:69:
jni/../dsp/epicbooster.cc:18:14: warning: private field 'fslider0' is not used [-Wunused-private-field]
   18 |         FAUSTFLOAT      fslider0;
      |                         ^
7 warnings generated.
[arm64-v8a] SharedLibrary  : libgx_epic.so
[arm64-v8a] Install        : libgx_epic.so => libs/arm64-v8a/libgx_epic.so
  ✓ Success (4 .so files generated)
Building GxEternity.lv2...
Android NDK: APP_PLATFORM not set. Defaulting to minimum supported version android-21.    
[x86] Compile++      : gx_eternity <= gx_eternity.cpp
In file included from jni/../plugin/gx_eternity.cpp:76:
jni/../dsp/eternity.cc:167:17: warning: variable length arrays in C++ are a Clang extension [-Wvla-cxx-extension]
  167 |         FAUSTFLOAT buf[smp.max_out_count(count)];
      |                        ^~~~~~~~~~~~~~~~~~~~~~~~
jni/../dsp/eternity.cc:167:17: note: implicit use of 'this' pointer is only allowed within the evaluation of a call to a 'constexpr' member function
jni/../plugin/gx_eternity.cpp:205:18: warning: variable length arrays in C++ are a Clang extension [-Wvla-cxx-extension]
  205 |   FAUSTFLOAT buf[n_samples];
      |                  ^~~~~~~~~
jni/../plugin/gx_eternity.cpp:205:18: note: function parameter 'n_samples' with unknown value cannot be used in a constant expression
jni/../plugin/gx_eternity.cpp:203:38: note: declared here
  203 | void Gx_eternity_::run_dsp_(uint32_t n_samples)
      |                                      ^
jni/../plugin/gx_eternity.cpp:349:1: warning: duplicate 'extern' declaration specifier [-Wduplicate-decl-specifier]
  349 | LV2_SYMBOL_EXPORT
      | ^
jni/../../lv2-headers/lv2.h:358:5: note: expanded from macro 'LV2_SYMBOL_EXPORT'
  358 |     LV2_SYMBOL_EXTERN __attribute__((visibility("default")))
      |     ^
jni/../../lv2-headers/lv2.h:345:29: note: expanded from macro 'LV2_SYMBOL_EXTERN'
  345 | #  define LV2_SYMBOL_EXTERN extern "C"
      |                             ^
In file included from jni/../plugin/gx_eternity.cpp:72:
In file included from jni/../dsp/zita-resampler-1.1.0/resampler.cc:25:
jni/../dsp/zita-resampler-1.1.0/zita-resampler/resampler.h:72:26: warning: private field '_dummy' is not used [-Wunused-private-field]
   72 |     void                *_dummy [8];
      |                          ^
In file included from jni/../plugin/gx_eternity.cpp:75:
In file included from jni/../dsp/gx_resampler.cc:20:
jni/../dsp/gx_resampler.h:42:9: warning: private field 'last_in_count' is not used [-Wunused-private-field]
   42 |     int last_in_count;
      |         ^
In file included from jni/../plugin/gx_eternity.cpp:76:
jni/../dsp/eternity.cc:15:14: warning: private field 'fslider0' is not used [-Wunused-private-field]
   15 |         FAUSTFLOAT      fslider0;
      |                         ^
jni/../dsp/eternity.cc:29:14: warning: private field 'fslider1' is not used [-Wunused-private-field]
   29 |         FAUSTFLOAT      fslider1;
      |                         ^
jni/../dsp/eternity.cc:60:14: warning: private field 'fslider2' is not used [-Wunused-private-field]
   60 |         FAUSTFLOAT      fslider2;
      |                         ^
8 warnings generated.
[arm64-v8a] Compile++      : gx_eternity <= gx_eternity.cpp
In file included from jni/../plugin/gx_eternity.cpp:76:
jni/../dsp/eternity.cc:167:17: warning: variable length arrays in C++ are a Clang extension [-Wvla-cxx-extension]
  167 |         FAUSTFLOAT buf[smp.max_out_count(count)];
      |                        ^~~~~~~~~~~~~~~~~~~~~~~~
jni/../dsp/eternity.cc:167:17: note: implicit use of 'this' pointer is only allowed within the evaluation of a call to a 'constexpr' member function
jni/../plugin/gx_eternity.cpp:205:18: warning: variable length arrays in C++ are a Clang extension [-Wvla-cxx-extension]
  205 |   FAUSTFLOAT buf[n_samples];
      |                  ^~~~~~~~~
jni/../plugin/gx_eternity.cpp:205:18: note: function parameter 'n_samples' with unknown value cannot be used in a constant expression
jni/../plugin/gx_eternity.cpp:203:38: note: declared here
  203 | void Gx_eternity_::run_dsp_(uint32_t n_samples)
      |                                      ^
jni/../plugin/gx_eternity.cpp:349:1: warning: duplicate 'extern' declaration specifier [-Wduplicate-decl-specifier]
  349 | LV2_SYMBOL_EXPORT
      | ^
jni/../../lv2-headers/lv2.h:358:5: note: expanded from macro 'LV2_SYMBOL_EXPORT'
  358 |     LV2_SYMBOL_EXTERN __attribute__((visibility("default")))
      |     ^
jni/../../lv2-headers/lv2.h:345:29: note: expanded from macro 'LV2_SYMBOL_EXTERN'
  345 | #  define LV2_SYMBOL_EXTERN extern "C"
      |                             ^
In file included from jni/../plugin/gx_eternity.cpp:72:
In file included from jni/../dsp/zita-resampler-1.1.0/resampler.cc:25:
jni/../dsp/zita-resampler-1.1.0/zita-resampler/resampler.h:72:26: warning: private field '_dummy' is not used [-Wunused-private-field]
   72 |     void                *_dummy [8];
      |                          ^
In file included from jni/../plugin/gx_eternity.cpp:75:
In file included from jni/../dsp/gx_resampler.cc:20:
jni/../dsp/gx_resampler.h:42:9: warning: private field 'last_in_count' is not used [-Wunused-private-field]
   42 |     int last_in_count;
      |         ^
In file included from jni/../plugin/gx_eternity.cpp:76:
jni/../dsp/eternity.cc:15:14: warning: private field 'fslider0' is not used [-Wunused-private-field]
   15 |         FAUSTFLOAT      fslider0;
      |                         ^
jni/../dsp/eternity.cc:29:14: warning: private field 'fslider1' is not used [-Wunused-private-field]
   29 |         FAUSTFLOAT      fslider1;
      |                         ^
jni/../dsp/eternity.cc:60:14: warning: private field 'fslider2' is not used [-Wunused-private-field]
   60 |         FAUSTFLOAT      fslider2;
      |                         ^
8 warnings generated.
[x86] SharedLibrary  : libgx_eternity.so
[x86_64] Compile++      : gx_eternity <= gx_eternity.cpp
In file included from jni/../plugin/gx_eternity.cpp:76:
jni/../dsp/eternity.cc:167:17: warning: variable length arrays in C++ are a Clang extension [-Wvla-cxx-extension]
  167 |         FAUSTFLOAT buf[smp.max_out_count(count)];
      |                        ^~~~~~~~~~~~~~~~~~~~~~~~
jni/../dsp/eternity.cc:167:17: note: implicit use of 'this' pointer is only allowed within the evaluation of a call to a 'constexpr' member function
jni/../plugin/gx_eternity.cpp:205:18: warning: variable length arrays in C++ are a Clang extension [-Wvla-cxx-extension]
  205 |   FAUSTFLOAT buf[n_samples];
      |                  ^~~~~~~~~
jni/../plugin/gx_eternity.cpp:205:18: note: function parameter 'n_samples' with unknown value cannot be used in a constant expression
jni/../plugin/gx_eternity.cpp:203:38: note: declared here
  203 | void Gx_eternity_::run_dsp_(uint32_t n_samples)
      |                                      ^
jni/../plugin/gx_eternity.cpp:349:1: warning: duplicate 'extern' declaration specifier [-Wduplicate-decl-specifier]
  349 | LV2_SYMBOL_EXPORT
      | ^
jni/../../lv2-headers/lv2.h:358:5: note: expanded from macro 'LV2_SYMBOL_EXPORT'
  358 |     LV2_SYMBOL_EXTERN __attribute__((visibility("default")))
      |     ^
jni/../../lv2-headers/lv2.h:345:29: note: expanded from macro 'LV2_SYMBOL_EXTERN'
  345 | #  define LV2_SYMBOL_EXTERN extern "C"
      |                             ^
In file included from jni/../plugin/gx_eternity.cpp:72:
In file included from jni/../dsp/zita-resampler-1.1.0/resampler.cc:25:
jni/../dsp/zita-resampler-1.1.0/zita-resampler/resampler.h:72:26: warning: private field '_dummy' is not used [-Wunused-private-field]
   72 |     void                *_dummy [8];
      |                          ^
In file included from jni/../plugin/gx_eternity.cpp:75:
In file included from jni/../dsp/gx_resampler.cc:20:
jni/../dsp/gx_resampler.h:42:9: warning: private field 'last_in_count' is not used [-Wunused-private-field]
   42 |     int last_in_count;
      |         ^
In file included from jni/../plugin/gx_eternity.cpp:76:
jni/../dsp/eternity.cc:15:14: warning: private field 'fslider0' is not used [-Wunused-private-field]
   15 |         FAUSTFLOAT      fslider0;
      |                         ^
jni/../dsp/eternity.cc:29:14: warning: private field 'fslider1' is not used [-Wunused-private-field]
   29 |         FAUSTFLOAT      fslider1;
      |                         ^
jni/../dsp/eternity.cc:60:14: warning: private field 'fslider2' is not used [-Wunused-private-field]
   60 |         FAUSTFLOAT      fslider2;
      |                         ^
8 warnings generated.
[x86] Install        : libgx_eternity.so => libs/x86/libgx_eternity.so
[arm64-v8a] SharedLibrary  : libgx_eternity.so
[arm64-v8a] Install        : libgx_eternity.so => libs/arm64-v8a/libgx_eternity.so
[x86_64] SharedLibrary  : libgx_eternity.so
[x86_64] Install        : libgx_eternity.so => libs/x86_64/libgx_eternity.so
[armeabi-v7a] Compile++ thumb: gx_eternity <= gx_eternity.cpp
In file included from jni/../plugin/gx_eternity.cpp:76:
jni/../dsp/eternity.cc:167:17: warning: variable length arrays in C++ are a Clang extension [-Wvla-cxx-extension]
  167 |         FAUSTFLOAT buf[smp.max_out_count(count)];
      |                        ^~~~~~~~~~~~~~~~~~~~~~~~
jni/../dsp/eternity.cc:167:17: note: implicit use of 'this' pointer is only allowed within the evaluation of a call to a 'constexpr' member function
jni/../plugin/gx_eternity.cpp:205:18: warning: variable length arrays in C++ are a Clang extension [-Wvla-cxx-extension]
  205 |   FAUSTFLOAT buf[n_samples];
      |                  ^~~~~~~~~
jni/../plugin/gx_eternity.cpp:205:18: note: function parameter 'n_samples' with unknown value cannot be used in a constant expression
jni/../plugin/gx_eternity.cpp:203:38: note: declared here
  203 | void Gx_eternity_::run_dsp_(uint32_t n_samples)
      |                                      ^
jni/../plugin/gx_eternity.cpp:349:1: warning: duplicate 'extern' declaration specifier [-Wduplicate-decl-specifier]
  349 | LV2_SYMBOL_EXPORT
      | ^
jni/../../lv2-headers/lv2.h:358:5: note: expanded from macro 'LV2_SYMBOL_EXPORT'
  358 |     LV2_SYMBOL_EXTERN __attribute__((visibility("default")))
      |     ^
jni/../../lv2-headers/lv2.h:345:29: note: expanded from macro 'LV2_SYMBOL_EXTERN'
  345 | #  define LV2_SYMBOL_EXTERN extern "C"
      |                             ^
In file included from jni/../plugin/gx_eternity.cpp:72:
In file included from jni/../dsp/zita-resampler-1.1.0/resampler.cc:25:
jni/../dsp/zita-resampler-1.1.0/zita-resampler/resampler.h:72:26: warning: private field '_dummy' is not used [-Wunused-private-field]
   72 |     void                *_dummy [8];
      |                          ^
In file included from jni/../plugin/gx_eternity.cpp:75:
In file included from jni/../dsp/gx_resampler.cc:20:
jni/../dsp/gx_resampler.h:42:9: warning: private field 'last_in_count' is not used [-Wunused-private-field]
   42 |     int last_in_count;
      |         ^
In file included from jni/../plugin/gx_eternity.cpp:76:
jni/../dsp/eternity.cc:15:14: warning: private field 'fslider0' is not used [-Wunused-private-field]
   15 |         FAUSTFLOAT      fslider0;
      |                         ^
jni/../dsp/eternity.cc:29:14: warning: private field 'fslider1' is not used [-Wunused-private-field]
   29 |         FAUSTFLOAT      fslider1;
      |                         ^
jni/../dsp/eternity.cc:60:14: warning: private field 'fslider2' is not used [-Wunused-private-field]
   60 |         FAUSTFLOAT      fslider2;
      |                         ^
8 warnings generated.
[armeabi-v7a] SharedLibrary  : libgx_eternity.so
[armeabi-v7a] Install        : libgx_eternity.so => libs/armeabi-v7a/libgx_eternity.so
  ✓ Success (4 .so files generated)
Building GxFz1b.lv2...
Android NDK: APP_PLATFORM not set. Defaulting to minimum supported version android-21.    
[armeabi-v7a] Compile++ thumb: gx_maestro_fz1b <= gx_maestro_fz1b.cpp
jni/../plugin/gx_maestro_fz1b.cpp:321:1: warning: duplicate 'extern' declaration specifier [-Wduplicate-decl-specifier]
  321 | LV2_SYMBOL_EXPORT
      | ^
jni/../../lv2-headers/lv2.h:358:5: note: expanded from macro 'LV2_SYMBOL_EXPORT'
  358 |     LV2_SYMBOL_EXTERN __attribute__((visibility("default")))
      |     ^
jni/../../lv2-headers/lv2.h:345:29: note: expanded from macro 'LV2_SYMBOL_EXTERN'
  345 | #  define LV2_SYMBOL_EXTERN extern "C"
      |                             ^
In file included from jni/../plugin/gx_maestro_fz1b.cpp:69:
In file included from jni/../dsp/zita-resampler-1.1.0/resampler.cc:25:
jni/../dsp/zita-resampler-1.1.0/zita-resampler/resampler.h:72:26: warning: private field '_dummy' is not used [-Wunused-private-field]
   72 |     void                *_dummy [8];
      |                          ^
In file included from jni/../plugin/gx_maestro_fz1b.cpp:72:
jni/../dsp/maestro_fz1b.cc:78:14: warning: private field 'fslider0' is not used [-Wunused-private-field]
   78 |         FAUSTFLOAT      fslider0;
      |                         ^
jni/../dsp/maestro_fz1b.cc:178:14: warning: private field 'fslider1' is not used [-Wunused-private-field]
  178 |         FAUSTFLOAT      fslider1;
      |                         ^
4 warnings generated.
[x86] Compile++      : gx_maestro_fz1b <= gx_maestro_fz1b.cpp
jni/../plugin/gx_maestro_fz1b.cpp:321:1: warning: duplicate 'extern' declaration specifier [-Wduplicate-decl-specifier]
  321 | LV2_SYMBOL_EXPORT
      | ^
jni/../../lv2-headers/lv2.h:358:5: note: expanded from macro 'LV2_SYMBOL_EXPORT'
  358 |     LV2_SYMBOL_EXTERN __attribute__((visibility("default")))
      |     ^
jni/../../lv2-headers/lv2.h:345:29: note: expanded from macro 'LV2_SYMBOL_EXTERN'
  345 | #  define LV2_SYMBOL_EXTERN extern "C"
      |                             ^
In file included from jni/../plugin/gx_maestro_fz1b.cpp:69:
In file included from jni/../dsp/zita-resampler-1.1.0/resampler.cc:25:
jni/../dsp/zita-resampler-1.1.0/zita-resampler/resampler.h:72:26: warning: private field '_dummy' is not used [-Wunused-private-field]
   72 |     void                *_dummy [8];
      |                          ^
In file included from jni/../plugin/gx_maestro_fz1b.cpp:72:
jni/../dsp/maestro_fz1b.cc:78:14: warning: private field 'fslider0' is not used [-Wunused-private-field]
   78 |         FAUSTFLOAT      fslider0;
      |                         ^
jni/../dsp/maestro_fz1b.cc:178:14: warning: private field 'fslider1' is not used [-Wunused-private-field]
  178 |         FAUSTFLOAT      fslider1;
      |                         ^
4 warnings generated.
[x86] SharedLibrary  : libgx_maestro_fz1b.so
[armeabi-v7a] SharedLibrary  : libgx_maestro_fz1b.so
[x86_64] Compile++      : gx_maestro_fz1b <= gx_maestro_fz1b.cpp
jni/../plugin/gx_maestro_fz1b.cpp:321:1: warning: duplicate 'extern' declaration specifier [-Wduplicate-decl-specifier]
  321 | LV2_SYMBOL_EXPORT
      | ^
jni/../../lv2-headers/lv2.h:358:5: note: expanded from macro 'LV2_SYMBOL_EXPORT'
  358 |     LV2_SYMBOL_EXTERN __attribute__((visibility("default")))
      |     ^
jni/../../lv2-headers/lv2.h:345:29: note: expanded from macro 'LV2_SYMBOL_EXTERN'
  345 | #  define LV2_SYMBOL_EXTERN extern "C"
      |                             ^
In file included from jni/../plugin/gx_maestro_fz1b.cpp:69:
In file included from jni/../dsp/zita-resampler-1.1.0/resampler.cc:25:
jni/../dsp/zita-resampler-1.1.0/zita-resampler/resampler.h:72:26: warning: private field '_dummy' is not used [-Wunused-private-field]
   72 |     void                *_dummy [8];
      |                          ^
In file included from jni/../plugin/gx_maestro_fz1b.cpp:72:
jni/../dsp/maestro_fz1b.cc:78:14: warning: private field 'fslider0' is not used [-Wunused-private-field]
   78 |         FAUSTFLOAT      fslider0;
      |                         ^
jni/../dsp/maestro_fz1b.cc:178:14: warning: private field 'fslider1' is not used [-Wunused-private-field]
  178 |         FAUSTFLOAT      fslider1;
      |                         ^
4 warnings generated.
[armeabi-v7a] Install        : libgx_maestro_fz1b.so => libs/armeabi-v7a/libgx_maestro_fz1b.so
[x86] Install        : libgx_maestro_fz1b.so => libs/x86/libgx_maestro_fz1b.so
[x86_64] SharedLibrary  : libgx_maestro_fz1b.so
[x86_64] Install        : libgx_maestro_fz1b.so => libs/x86_64/libgx_maestro_fz1b.so
[arm64-v8a] Compile++      : gx_maestro_fz1b <= gx_maestro_fz1b.cpp
jni/../plugin/gx_maestro_fz1b.cpp:321:1: warning: duplicate 'extern' declaration specifier [-Wduplicate-decl-specifier]
  321 | LV2_SYMBOL_EXPORT
      | ^
jni/../../lv2-headers/lv2.h:358:5: note: expanded from macro 'LV2_SYMBOL_EXPORT'
  358 |     LV2_SYMBOL_EXTERN __attribute__((visibility("default")))
      |     ^
jni/../../lv2-headers/lv2.h:345:29: note: expanded from macro 'LV2_SYMBOL_EXTERN'
  345 | #  define LV2_SYMBOL_EXTERN extern "C"
      |                             ^
In file included from jni/../plugin/gx_maestro_fz1b.cpp:69:
In file included from jni/../dsp/zita-resampler-1.1.0/resampler.cc:25:
jni/../dsp/zita-resampler-1.1.0/zita-resampler/resampler.h:72:26: warning: private field '_dummy' is not used [-Wunused-private-field]
   72 |     void                *_dummy [8];
      |                          ^
In file included from jni/../plugin/gx_maestro_fz1b.cpp:72:
jni/../dsp/maestro_fz1b.cc:78:14: warning: private field 'fslider0' is not used [-Wunused-private-field]
   78 |         FAUSTFLOAT      fslider0;
      |                         ^
jni/../dsp/maestro_fz1b.cc:178:14: warning: private field 'fslider1' is not used [-Wunused-private-field]
  178 |         FAUSTFLOAT      fslider1;
      |                         ^
4 warnings generated.
[arm64-v8a] SharedLibrary  : libgx_maestro_fz1b.so
[arm64-v8a] Install        : libgx_maestro_fz1b.so => libs/arm64-v8a/libgx_maestro_fz1b.so
  ✓ Success (4 .so files generated)
Building GxFz1s.lv2...
Android NDK: APP_PLATFORM not set. Defaulting to minimum supported version android-21.    
[arm64-v8a] Compile++      : gx_maestro_fz1s <= gx_maestro_fz1s.cpp
jni/../plugin/gx_maestro_fz1s.cpp:317:1: warning: duplicate 'extern' declaration specifier [-Wduplicate-decl-specifier]
  317 | LV2_SYMBOL_EXPORT
      | ^
jni/../../lv2-headers/lv2.h:358:5: note: expanded from macro 'LV2_SYMBOL_EXPORT'
  358 |     LV2_SYMBOL_EXTERN __attribute__((visibility("default")))
      |     ^
jni/../../lv2-headers/lv2.h:345:29: note: expanded from macro 'LV2_SYMBOL_EXTERN'
  345 | #  define LV2_SYMBOL_EXTERN extern "C"
      |                             ^
In file included from jni/../plugin/gx_maestro_fz1s.cpp:68:
jni/../dsp/maestro_fz1s.cc:60:14: warning: private field 'fslider0' is not used [-Wunused-private-field]
   60 |         FAUSTFLOAT      fslider0;
      |                         ^
jni/../dsp/maestro_fz1s.cc:90:14: warning: private field 'fslider1' is not used [-Wunused-private-field]
   90 |         FAUSTFLOAT      fslider1;
      |                         ^
jni/../dsp/maestro_fz1s.cc:125:14: warning: private field 'fslider2' is not used [-Wunused-private-field]
  125 |         FAUSTFLOAT      fslider2;
      |                         ^
jni/../dsp/maestro_fz1s.cc:135:14: warning: private field 'fslider3' is not used [-Wunused-private-field]
  135 |         FAUSTFLOAT      fslider3;
      |                         ^
5 warnings generated.
[armeabi-v7a] Compile++ thumb: gx_maestro_fz1s <= gx_maestro_fz1s.cpp
jni/../plugin/gx_maestro_fz1s.cpp:317:1: warning: duplicate 'extern' declaration specifier [-Wduplicate-decl-specifier]
  317 | LV2_SYMBOL_EXPORT
      | ^
jni/../../lv2-headers/lv2.h:358:5: note: expanded from macro 'LV2_SYMBOL_EXPORT'
  358 |     LV2_SYMBOL_EXTERN __attribute__((visibility("default")))
      |     ^
jni/../../lv2-headers/lv2.h:345:29: note: expanded from macro 'LV2_SYMBOL_EXTERN'
  345 | #  define LV2_SYMBOL_EXTERN extern "C"
      |                             ^
In file included from jni/../plugin/gx_maestro_fz1s.cpp:68:
jni/../dsp/maestro_fz1s.cc:60:14: warning: private field 'fslider0' is not used [-Wunused-private-field]
   60 |         FAUSTFLOAT      fslider0;
      |                         ^
jni/../dsp/maestro_fz1s.cc:90:14: warning: private field 'fslider1' is not used [-Wunused-private-field]
   90 |         FAUSTFLOAT      fslider1;
      |                         ^
jni/../dsp/maestro_fz1s.cc:125:14: warning: private field 'fslider2' is not used [-Wunused-private-field]
  125 |         FAUSTFLOAT      fslider2;
      |                         ^
jni/../dsp/maestro_fz1s.cc:135:14: warning: private field 'fslider3' is not used [-Wunused-private-field]
  135 |         FAUSTFLOAT      fslider3;
      |                         ^
5 warnings generated.
[arm64-v8a] SharedLibrary  : libgx_maestro_fz1s.so
[arm64-v8a] Install        : libgx_maestro_fz1s.so => libs/arm64-v8a/libgx_maestro_fz1s.so
[armeabi-v7a] SharedLibrary  : libgx_maestro_fz1s.so
[armeabi-v7a] Install        : libgx_maestro_fz1s.so => libs/armeabi-v7a/libgx_maestro_fz1s.so
[x86] Compile++      : gx_maestro_fz1s <= gx_maestro_fz1s.cpp
jni/../plugin/gx_maestro_fz1s.cpp:317:1: warning: duplicate 'extern' declaration specifier [-Wduplicate-decl-specifier]
  317 | LV2_SYMBOL_EXPORT
      | ^
jni/../../lv2-headers/lv2.h:358:5: note: expanded from macro 'LV2_SYMBOL_EXPORT'
  358 |     LV2_SYMBOL_EXTERN __attribute__((visibility("default")))
      |     ^
jni/../../lv2-headers/lv2.h:345:29: note: expanded from macro 'LV2_SYMBOL_EXTERN'
  345 | #  define LV2_SYMBOL_EXTERN extern "C"
      |                             ^
In file included from jni/../plugin/gx_maestro_fz1s.cpp:68:
jni/../dsp/maestro_fz1s.cc:60:14: warning: private field 'fslider0' is not used [-Wunused-private-field]
   60 |         FAUSTFLOAT      fslider0;
      |                         ^
jni/../dsp/maestro_fz1s.cc:90:14: warning: private field 'fslider1' is not used [-Wunused-private-field]
   90 |         FAUSTFLOAT      fslider1;
      |                         ^
jni/../dsp/maestro_fz1s.cc:125:14: warning: private field 'fslider2' is not used [-Wunused-private-field]
  125 |         FAUSTFLOAT      fslider2;
      |                         ^
jni/../dsp/maestro_fz1s.cc:135:14: warning: private field 'fslider3' is not used [-Wunused-private-field]
  135 |         FAUSTFLOAT      fslider3;
      |                         ^
5 warnings generated.
[x86] SharedLibrary  : libgx_maestro_fz1s.so
[x86] Install        : libgx_maestro_fz1s.so => libs/x86/libgx_maestro_fz1s.so
[x86_64] Compile++      : gx_maestro_fz1s <= gx_maestro_fz1s.cpp
jni/../plugin/gx_maestro_fz1s.cpp:317:1: warning: duplicate 'extern' declaration specifier [-Wduplicate-decl-specifier]
  317 | LV2_SYMBOL_EXPORT
      | ^
jni/../../lv2-headers/lv2.h:358:5: note: expanded from macro 'LV2_SYMBOL_EXPORT'
  358 |     LV2_SYMBOL_EXTERN __attribute__((visibility("default")))
      |     ^
jni/../../lv2-headers/lv2.h:345:29: note: expanded from macro 'LV2_SYMBOL_EXTERN'
  345 | #  define LV2_SYMBOL_EXTERN extern "C"
      |                             ^
In file included from jni/../plugin/gx_maestro_fz1s.cpp:68:
jni/../dsp/maestro_fz1s.cc:60:14: warning: private field 'fslider0' is not used [-Wunused-private-field]
   60 |         FAUSTFLOAT      fslider0;
      |                         ^
jni/../dsp/maestro_fz1s.cc:90:14: warning: private field 'fslider1' is not used [-Wunused-private-field]
   90 |         FAUSTFLOAT      fslider1;
      |                         ^
jni/../dsp/maestro_fz1s.cc:125:14: warning: private field 'fslider2' is not used [-Wunused-private-field]
  125 |         FAUSTFLOAT      fslider2;
      |                         ^
jni/../dsp/maestro_fz1s.cc:135:14: warning: private field 'fslider3' is not used [-Wunused-private-field]
  135 |         FAUSTFLOAT      fslider3;
      |                         ^
5 warnings generated.
[x86_64] SharedLibrary  : libgx_maestro_fz1s.so
[x86_64] Install        : libgx_maestro_fz1s.so => libs/x86_64/libgx_maestro_fz1s.so
  ✓ Success (4 .so files generated)
Building GxGuvnor.lv2...
Android NDK: APP_PLATFORM not set. Defaulting to minimum supported version android-21.    
[x86] Compile++      : gx_guvnor <= gx_guvnor.cpp
jni/../plugin/gx_guvnor.cpp:251:1: warning: duplicate 'extern' declaration specifier [-Wduplicate-decl-specifier]
  251 | LV2_SYMBOL_EXPORT
      | ^
jni/../../lv2-headers/lv2.h:358:5: note: expanded from macro 'LV2_SYMBOL_EXPORT'
  358 |     LV2_SYMBOL_EXTERN __attribute__((visibility("default")))
      |     ^
jni/../../lv2-headers/lv2.h:345:29: note: expanded from macro 'LV2_SYMBOL_EXTERN'
  345 | #  define LV2_SYMBOL_EXTERN extern "C"
      |                             ^
In file included from jni/../plugin/gx_guvnor.cpp:68:
jni/../dsp/guvnor.cc:44:14: warning: private field 'fslider0' is not used [-Wunused-private-field]
   44 |         FAUSTFLOAT      fslider0;
      |                         ^
jni/../dsp/guvnor.cc:61:14: warning: private field 'fslider1' is not used [-Wunused-private-field]
   61 |         FAUSTFLOAT      fslider1;
      |                         ^
jni/../dsp/guvnor.cc:71:14: warning: private field 'fslider2' is not used [-Wunused-private-field]
   71 |         FAUSTFLOAT      fslider2;
      |                         ^
jni/../dsp/guvnor.cc:94:14: warning: private field 'fslider3' is not used [-Wunused-private-field]
   94 |         FAUSTFLOAT      fslider3;
      |                         ^
jni/../dsp/guvnor.cc:149:14: warning: private field 'fslider4' is not used [-Wunused-private-field]
  149 |         FAUSTFLOAT      fslider4;
      |                         ^
6 warnings generated.
[x86_64] Compile++      : gx_guvnor <= gx_guvnor.cpp
jni/../plugin/gx_guvnor.cpp:251:1: warning: duplicate 'extern' declaration specifier [-Wduplicate-decl-specifier]
  251 | LV2_SYMBOL_EXPORT
      | ^
jni/../../lv2-headers/lv2.h:358:5: note: expanded from macro 'LV2_SYMBOL_EXPORT'
  358 |     LV2_SYMBOL_EXTERN __attribute__((visibility("default")))
      |     ^
jni/../../lv2-headers/lv2.h:345:29: note: expanded from macro 'LV2_SYMBOL_EXTERN'
  345 | #  define LV2_SYMBOL_EXTERN extern "C"
      |                             ^
In file included from jni/../plugin/gx_guvnor.cpp:68:
jni/../dsp/guvnor.cc:44:14: warning: private field 'fslider0' is not used [-Wunused-private-field]
   44 |         FAUSTFLOAT      fslider0;
      |                         ^
jni/../dsp/guvnor.cc:61:14: warning: private field 'fslider1' is not used [-Wunused-private-field]
   61 |         FAUSTFLOAT      fslider1;
      |                         ^
jni/../dsp/guvnor.cc:71:14: warning: private field 'fslider2' is not used [-Wunused-private-field]
   71 |         FAUSTFLOAT      fslider2;
      |                         ^
jni/../dsp/guvnor.cc:94:14: warning: private field 'fslider3' is not used [-Wunused-private-field]
   94 |         FAUSTFLOAT      fslider3;
      |                         ^
jni/../dsp/guvnor.cc:149:14: warning: private field 'fslider4' is not used [-Wunused-private-field]
  149 |         FAUSTFLOAT      fslider4;
      |                         ^
6 warnings generated.
[x86] SharedLibrary  : libgx_guvnor.so
[x86] Install        : libgx_guvnor.so => libs/x86/libgx_guvnor.so
[x86_64] SharedLibrary  : libgx_guvnor.so
[x86_64] Install        : libgx_guvnor.so => libs/x86_64/libgx_guvnor.so
[armeabi-v7a] Compile++ thumb: gx_guvnor <= gx_guvnor.cpp
jni/../plugin/gx_guvnor.cpp:251:1: warning: duplicate 'extern' declaration specifier [-Wduplicate-decl-specifier]
  251 | LV2_SYMBOL_EXPORT
      | ^
jni/../../lv2-headers/lv2.h:358:5: note: expanded from macro 'LV2_SYMBOL_EXPORT'
  358 |     LV2_SYMBOL_EXTERN __attribute__((visibility("default")))
      |     ^
jni/../../lv2-headers/lv2.h:345:29: note: expanded from macro 'LV2_SYMBOL_EXTERN'
  345 | #  define LV2_SYMBOL_EXTERN extern "C"
      |                             ^
In file included from jni/../plugin/gx_guvnor.cpp:68:
jni/../dsp/guvnor.cc:44:14: warning: private field 'fslider0' is not used [-Wunused-private-field]
   44 |         FAUSTFLOAT      fslider0;
      |                         ^
jni/../dsp/guvnor.cc:61:14: warning: private field 'fslider1' is not used [-Wunused-private-field]
   61 |         FAUSTFLOAT      fslider1;
      |                         ^
jni/../dsp/guvnor.cc:71:14: warning: private field 'fslider2' is not used [-Wunused-private-field]
   71 |         FAUSTFLOAT      fslider2;
      |                         ^
jni/../dsp/guvnor.cc:94:14: warning: private field 'fslider3' is not used [-Wunused-private-field]
   94 |         FAUSTFLOAT      fslider3;
      |                         ^
jni/../dsp/guvnor.cc:149:14: warning: private field 'fslider4' is not used [-Wunused-private-field]
  149 |         FAUSTFLOAT      fslider4;
      |                         ^
6 warnings generated.
[armeabi-v7a] SharedLibrary  : libgx_guvnor.so
[armeabi-v7a] Install        : libgx_guvnor.so => libs/armeabi-v7a/libgx_guvnor.so
[arm64-v8a] Compile++      : gx_guvnor <= gx_guvnor.cpp
jni/../plugin/gx_guvnor.cpp:251:1: warning: duplicate 'extern' declaration specifier [-Wduplicate-decl-specifier]
  251 | LV2_SYMBOL_EXPORT
      | ^
jni/../../lv2-headers/lv2.h:358:5: note: expanded from macro 'LV2_SYMBOL_EXPORT'
  358 |     LV2_SYMBOL_EXTERN __attribute__((visibility("default")))
      |     ^
jni/../../lv2-headers/lv2.h:345:29: note: expanded from macro 'LV2_SYMBOL_EXTERN'
  345 | #  define LV2_SYMBOL_EXTERN extern "C"
      |                             ^
In file included from jni/../plugin/gx_guvnor.cpp:68:
jni/../dsp/guvnor.cc:44:14: warning: private field 'fslider0' is not used [-Wunused-private-field]
   44 |         FAUSTFLOAT      fslider0;
      |                         ^
jni/../dsp/guvnor.cc:61:14: warning: private field 'fslider1' is not used [-Wunused-private-field]
   61 |         FAUSTFLOAT      fslider1;
      |                         ^
jni/../dsp/guvnor.cc:71:14: warning: private field 'fslider2' is not used [-Wunused-private-field]
   71 |         FAUSTFLOAT      fslider2;
      |                         ^
jni/../dsp/guvnor.cc:94:14: warning: private field 'fslider3' is not used [-Wunused-private-field]
   94 |         FAUSTFLOAT      fslider3;
      |                         ^
jni/../dsp/guvnor.cc:149:14: warning: private field 'fslider4' is not used [-Wunused-private-field]
  149 |         FAUSTFLOAT      fslider4;
      |                         ^
6 warnings generated.
[arm64-v8a] SharedLibrary  : libgx_guvnor.so
[arm64-v8a] Install        : libgx_guvnor.so => libs/arm64-v8a/libgx_guvnor.so
  ✓ Success (4 .so files generated)
Building GxHeathkit.lv2...
Android NDK: APP_PLATFORM not set. Defaulting to minimum supported version android-21.    
[x86] Compile++      : gx_Heathkit <= gx_Heathkit.cpp
jni/../plugin/gx_Heathkit.cpp:317:1: warning: duplicate 'extern' declaration specifier [-Wduplicate-decl-specifier]
  317 | LV2_SYMBOL_EXPORT
      | ^
jni/../../lv2-headers/lv2.h:358:5: note: expanded from macro 'LV2_SYMBOL_EXPORT'
  358 |     LV2_SYMBOL_EXTERN __attribute__((visibility("default")))
      |     ^
jni/../../lv2-headers/lv2.h:345:29: note: expanded from macro 'LV2_SYMBOL_EXTERN'
  345 | #  define LV2_SYMBOL_EXTERN extern "C"
      |                             ^
In file included from jni/../plugin/gx_Heathkit.cpp:68:
jni/../dsp/Heathkit.cc:10:14: warning: private field 'fslider0' is not used [-Wunused-private-field]
   10 |         FAUSTFLOAT      fslider0;
      |                         ^
jni/../dsp/Heathkit.cc:26:14: warning: private field 'fslider1' is not used [-Wunused-private-field]
   26 |         FAUSTFLOAT      fslider1;
      |                         ^
3 warnings generated.
[arm64-v8a] Compile++      : gx_Heathkit <= gx_Heathkit.cpp
jni/../plugin/gx_Heathkit.cpp:317:1: warning: duplicate 'extern' declaration specifier [-Wduplicate-decl-specifier]
  317 | LV2_SYMBOL_EXPORT
      | ^
jni/../../lv2-headers/lv2.h:358:5: note: expanded from macro 'LV2_SYMBOL_EXPORT'
  358 |     LV2_SYMBOL_EXTERN __attribute__((visibility("default")))
      |     ^
jni/../../lv2-headers/lv2.h:345:29: note: expanded from macro 'LV2_SYMBOL_EXTERN'
  345 | #  define LV2_SYMBOL_EXTERN extern "C"
      |                             ^
In file included from jni/../plugin/gx_Heathkit.cpp:68:
jni/../dsp/Heathkit.cc:10:14: warning: private field 'fslider0' is not used [-Wunused-private-field]
   10 |         FAUSTFLOAT      fslider0;
      |                         ^
jni/../dsp/Heathkit.cc:26:14: warning: private field 'fslider1' is not used [-Wunused-private-field]
   26 |         FAUSTFLOAT      fslider1;
      |                         ^
3 warnings generated.
[x86] SharedLibrary  : libgx_Heathkit.so
[x86] Install        : libgx_Heathkit.so => libs/x86/libgx_Heathkit.so
[arm64-v8a] SharedLibrary  : libgx_Heathkit.so
[arm64-v8a] Install        : libgx_Heathkit.so => libs/arm64-v8a/libgx_Heathkit.so
[x86_64] Compile++      : gx_Heathkit <= gx_Heathkit.cpp
jni/../plugin/gx_Heathkit.cpp:317:1: warning: duplicate 'extern' declaration specifier [-Wduplicate-decl-specifier]
  317 | LV2_SYMBOL_EXPORT
      | ^
jni/../../lv2-headers/lv2.h:358:5: note: expanded from macro 'LV2_SYMBOL_EXPORT'
  358 |     LV2_SYMBOL_EXTERN __attribute__((visibility("default")))
      |     ^
jni/../../lv2-headers/lv2.h:345:29: note: expanded from macro 'LV2_SYMBOL_EXTERN'
  345 | #  define LV2_SYMBOL_EXTERN extern "C"
      |                             ^
In file included from jni/../plugin/gx_Heathkit.cpp:68:
jni/../dsp/Heathkit.cc:10:14: warning: private field 'fslider0' is not used [-Wunused-private-field]
   10 |         FAUSTFLOAT      fslider0;
      |                         ^
jni/../dsp/Heathkit.cc:26:14: warning: private field 'fslider1' is not used [-Wunused-private-field]
   26 |         FAUSTFLOAT      fslider1;
      |                         ^
3 warnings generated.
[x86_64] SharedLibrary  : libgx_Heathkit.so
[x86_64] Install        : libgx_Heathkit.so => libs/x86_64/libgx_Heathkit.so
[armeabi-v7a] Compile++ thumb: gx_Heathkit <= gx_Heathkit.cpp
jni/../plugin/gx_Heathkit.cpp:317:1: warning: duplicate 'extern' declaration specifier [-Wduplicate-decl-specifier]
  317 | LV2_SYMBOL_EXPORT
      | ^
jni/../../lv2-headers/lv2.h:358:5: note: expanded from macro 'LV2_SYMBOL_EXPORT'
  358 |     LV2_SYMBOL_EXTERN __attribute__((visibility("default")))
      |     ^
jni/../../lv2-headers/lv2.h:345:29: note: expanded from macro 'LV2_SYMBOL_EXTERN'
  345 | #  define LV2_SYMBOL_EXTERN extern "C"
      |                             ^
In file included from jni/../plugin/gx_Heathkit.cpp:68:
jni/../dsp/Heathkit.cc:10:14: warning: private field 'fslider0' is not used [-Wunused-private-field]
   10 |         FAUSTFLOAT      fslider0;
      |                         ^
jni/../dsp/Heathkit.cc:26:14: warning: private field 'fslider1' is not used [-Wunused-private-field]
   26 |         FAUSTFLOAT      fslider1;
      |                         ^
3 warnings generated.
[armeabi-v7a] SharedLibrary  : libgx_Heathkit.so
[armeabi-v7a] Install        : libgx_Heathkit.so => libs/armeabi-v7a/libgx_Heathkit.so
  ✓ Success (4 .so files generated)
Building GxHotBox.lv2...
Android NDK: APP_PLATFORM not set. Defaulting to minimum supported version android-21.    
[arm64-v8a] Compile++      : gx_hotbox <= gx_hotbox.cpp
jni/../plugin/gx_hotbox.cpp:317:1: warning: duplicate 'extern' declaration specifier [-Wduplicate-decl-specifier]
  317 | LV2_SYMBOL_EXPORT
      | ^
jni/../../lv2-headers/lv2.h:358:5: note: expanded from macro 'LV2_SYMBOL_EXPORT'
  358 |     LV2_SYMBOL_EXTERN __attribute__((visibility("default")))
      |     ^
jni/../../lv2-headers/lv2.h:345:29: note: expanded from macro 'LV2_SYMBOL_EXTERN'
  345 | #  define LV2_SYMBOL_EXTERN extern "C"
      |                             ^
In file included from jni/../plugin/gx_hotbox.cpp:68:
jni/../dsp/hotbox.cc:109:14: warning: private field 'fslider0' is not used [-Wunused-private-field]
  109 |         FAUSTFLOAT      fslider0;
      |                         ^
jni/../dsp/hotbox.cc:114:14: warning: private field 'fslider1' is not used [-Wunused-private-field]
  114 |         FAUSTFLOAT      fslider1;
      |                         ^
jni/../dsp/hotbox.cc:176:14: warning: private field 'fslider2' is not used [-Wunused-private-field]
  176 |         FAUSTFLOAT      fslider2;
      |                         ^
jni/../dsp/hotbox.cc:241:14: warning: private field 'fslider3' is not used [-Wunused-private-field]
  241 |         FAUSTFLOAT      fslider3;
      |                         ^
5 warnings generated.
[x86] Compile++      : gx_hotbox <= gx_hotbox.cpp
jni/../plugin/gx_hotbox.cpp:317:1: warning: duplicate 'extern' declaration specifier [-Wduplicate-decl-specifier]
  317 | LV2_SYMBOL_EXPORT
      | ^
jni/../../lv2-headers/lv2.h:358:5: note: expanded from macro 'LV2_SYMBOL_EXPORT'
  358 |     LV2_SYMBOL_EXTERN __attribute__((visibility("default")))
      |     ^
jni/../../lv2-headers/lv2.h:345:29: note: expanded from macro 'LV2_SYMBOL_EXTERN'
  345 | #  define LV2_SYMBOL_EXTERN extern "C"
      |                             ^
In file included from jni/../plugin/gx_hotbox.cpp:68:
jni/../dsp/hotbox.cc:109:14: warning: private field 'fslider0' is not used [-Wunused-private-field]
  109 |         FAUSTFLOAT      fslider0;
      |                         ^
jni/../dsp/hotbox.cc:114:14: warning: private field 'fslider1' is not used [-Wunused-private-field]
  114 |         FAUSTFLOAT      fslider1;
      |                         ^
jni/../dsp/hotbox.cc:176:14: warning: private field 'fslider2' is not used [-Wunused-private-field]
  176 |         FAUSTFLOAT      fslider2;
      |                         ^
jni/../dsp/hotbox.cc:241:14: warning: private field 'fslider3' is not used [-Wunused-private-field]
  241 |         FAUSTFLOAT      fslider3;
      |                         ^
5 warnings generated.
[arm64-v8a] SharedLibrary  : libgx_hotbox.so
[x86_64] Compile++      : gx_hotbox <= gx_hotbox.cpp
jni/../plugin/gx_hotbox.cpp:317:1: warning: duplicate 'extern' declaration specifier [-Wduplicate-decl-specifier]
  317 | LV2_SYMBOL_EXPORT
      | ^
jni/../../lv2-headers/lv2.h:358:5: note: expanded from macro 'LV2_SYMBOL_EXPORT'
  358 |     LV2_SYMBOL_EXTERN __attribute__((visibility("default")))
      |     ^
jni/../../lv2-headers/lv2.h:345:29: note: expanded from macro 'LV2_SYMBOL_EXTERN'
  345 | #  define LV2_SYMBOL_EXTERN extern "C"
      |                             ^
In file included from jni/../plugin/gx_hotbox.cpp:68:
jni/../dsp/hotbox.cc:109:14: warning: private field 'fslider0' is not used [-Wunused-private-field]
  109 |         FAUSTFLOAT      fslider0;
      |                         ^
jni/../dsp/hotbox.cc:114:14: warning: private field 'fslider1' is not used [-Wunused-private-field]
  114 |         FAUSTFLOAT      fslider1;
      |                         ^
jni/../dsp/hotbox.cc:176:14: warning: private field 'fslider2' is not used [-Wunused-private-field]
  176 |         FAUSTFLOAT      fslider2;
      |                         ^
jni/../dsp/hotbox.cc:241:14: warning: private field 'fslider3' is not used [-Wunused-private-field]
  241 |         FAUSTFLOAT      fslider3;
      |                         ^
5 warnings generated.
[arm64-v8a] Install        : libgx_hotbox.so => libs/arm64-v8a/libgx_hotbox.so
[x86_64] SharedLibrary  : libgx_hotbox.so
[x86] SharedLibrary  : libgx_hotbox.so
[x86_64] Install        : libgx_hotbox.so => libs/x86_64/libgx_hotbox.so
[x86] Install        : libgx_hotbox.so => libs/x86/libgx_hotbox.so
[armeabi-v7a] Compile++ thumb: gx_hotbox <= gx_hotbox.cpp
jni/../plugin/gx_hotbox.cpp:317:1: warning: duplicate 'extern' declaration specifier [-Wduplicate-decl-specifier]
  317 | LV2_SYMBOL_EXPORT
      | ^
jni/../../lv2-headers/lv2.h:358:5: note: expanded from macro 'LV2_SYMBOL_EXPORT'
  358 |     LV2_SYMBOL_EXTERN __attribute__((visibility("default")))
      |     ^
jni/../../lv2-headers/lv2.h:345:29: note: expanded from macro 'LV2_SYMBOL_EXTERN'
  345 | #  define LV2_SYMBOL_EXTERN extern "C"
      |                             ^
In file included from jni/../plugin/gx_hotbox.cpp:68:
jni/../dsp/hotbox.cc:109:14: warning: private field 'fslider0' is not used [-Wunused-private-field]
  109 |         FAUSTFLOAT      fslider0;
      |                         ^
jni/../dsp/hotbox.cc:114:14: warning: private field 'fslider1' is not used [-Wunused-private-field]
  114 |         FAUSTFLOAT      fslider1;
      |                         ^
jni/../dsp/hotbox.cc:176:14: warning: private field 'fslider2' is not used [-Wunused-private-field]
  176 |         FAUSTFLOAT      fslider2;
      |                         ^
jni/../dsp/hotbox.cc:241:14: warning: private field 'fslider3' is not used [-Wunused-private-field]
  241 |         FAUSTFLOAT      fslider3;
      |                         ^
5 warnings generated.
[armeabi-v7a] SharedLibrary  : libgx_hotbox.so
[armeabi-v7a] Install        : libgx_hotbox.so => libs/armeabi-v7a/libgx_hotbox.so
  ✓ Success (4 .so files generated)
Building GxHyperion.lv2...
Android NDK: APP_PLATFORM not set. Defaulting to minimum supported version android-21.    
[x86] Compile++      : gx_hyperion <= gx_hyperion.cpp
jni/../plugin/gx_hyperion.cpp:251:1: warning: duplicate 'extern' declaration specifier [-Wduplicate-decl-specifier]
  251 | LV2_SYMBOL_EXPORT
      | ^
jni/../../lv2-headers/lv2.h:358:5: note: expanded from macro 'LV2_SYMBOL_EXPORT'
  358 |     LV2_SYMBOL_EXTERN __attribute__((visibility("default")))
      |     ^
jni/../../lv2-headers/lv2.h:345:29: note: expanded from macro 'LV2_SYMBOL_EXTERN'
  345 | #  define LV2_SYMBOL_EXTERN extern "C"
      |                             ^
In file included from jni/../plugin/gx_hyperion.cpp:68:
jni/../dsp/hyperion.cc:44:14: warning: private field 'fslider0' is not used [-Wunused-private-field]
   44 |         FAUSTFLOAT      fslider0;
      |                         ^
jni/../dsp/hyperion.cc:54:14: warning: private field 'fslider1' is not used [-Wunused-private-field]
   54 |         FAUSTFLOAT      fslider1;
      |                         ^
3 warnings generated.
[arm64-v8a] Compile++      : gx_hyperion <= gx_hyperion.cpp
jni/../plugin/gx_hyperion.cpp:251:1: warning: duplicate 'extern' declaration specifier [-Wduplicate-decl-specifier]
  251 | LV2_SYMBOL_EXPORT
      | ^
jni/../../lv2-headers/lv2.h:358:5: note: expanded from macro 'LV2_SYMBOL_EXPORT'
  358 |     LV2_SYMBOL_EXTERN __attribute__((visibility("default")))
      |     ^
jni/../../lv2-headers/lv2.h:345:29: note: expanded from macro 'LV2_SYMBOL_EXTERN'
  345 | #  define LV2_SYMBOL_EXTERN extern "C"
      |                             ^
In file included from jni/../plugin/gx_hyperion.cpp:68:
jni/../dsp/hyperion.cc:44:14: warning: private field 'fslider0' is not used [-Wunused-private-field]
   44 |         FAUSTFLOAT      fslider0;
      |                         ^
jni/../dsp/hyperion.cc:54:14: warning: private field 'fslider1' is not used [-Wunused-private-field]
   54 |         FAUSTFLOAT      fslider1;
      |                         ^
3 warnings generated.
[x86] SharedLibrary  : libgx_hyperion.so
[armeabi-v7a] Compile++ thumb: gx_hyperion <= gx_hyperion.cpp
jni/../plugin/gx_hyperion.cpp:251:1: warning: duplicate 'extern' declaration specifier [-Wduplicate-decl-specifier]
  251 | LV2_SYMBOL_EXPORT
      | ^
jni/../../lv2-headers/lv2.h:358:5: note: expanded from macro 'LV2_SYMBOL_EXPORT'
  358 |     LV2_SYMBOL_EXTERN __attribute__((visibility("default")))
      |     ^
jni/../../lv2-headers/lv2.h:345:29: note: expanded from macro 'LV2_SYMBOL_EXTERN'
  345 | #  define LV2_SYMBOL_EXTERN extern "C"
      |                             ^
In file included from jni/../plugin/gx_hyperion.cpp:68:
jni/../dsp/hyperion.cc:44:14: warning: private field 'fslider0' is not used [-Wunused-private-field]
   44 |         FAUSTFLOAT      fslider0;
      |                         ^
jni/../dsp/hyperion.cc:54:14: warning: private field 'fslider1' is not used [-Wunused-private-field]
   54 |         FAUSTFLOAT      fslider1;
      |                         ^
3 warnings generated.
[x86_64] Compile++      : gx_hyperion <= gx_hyperion.cpp
jni/../plugin/gx_hyperion.cpp:251:1: warning: duplicate 'extern' declaration specifier [-Wduplicate-decl-specifier]
  251 | LV2_SYMBOL_EXPORT
      | ^
jni/../../lv2-headers/lv2.h:358:5: note: expanded from macro 'LV2_SYMBOL_EXPORT'
  358 |     LV2_SYMBOL_EXTERN __attribute__((visibility("default")))
      |     ^
jni/../../lv2-headers/lv2.h:345:29: note: expanded from macro 'LV2_SYMBOL_EXTERN'
  345 | #  define LV2_SYMBOL_EXTERN extern "C"
      |                             ^
In file included from jni/../plugin/gx_hyperion.cpp:68:
jni/../dsp/hyperion.cc:44:14: warning: private field 'fslider0' is not used [-Wunused-private-field]
   44 |         FAUSTFLOAT      fslider0;
      |                         ^
jni/../dsp/hyperion.cc:54:14: warning: private field 'fslider1' is not used [-Wunused-private-field]
   54 |         FAUSTFLOAT      fslider1;
      |                         ^
3 warnings generated.
[x86] Install        : libgx_hyperion.so => libs/x86/libgx_hyperion.so
[arm64-v8a] SharedLibrary  : libgx_hyperion.so
[armeabi-v7a] SharedLibrary  : libgx_hyperion.so
[arm64-v8a] Install        : libgx_hyperion.so => libs/arm64-v8a/libgx_hyperion.so
[armeabi-v7a] Install        : libgx_hyperion.so => libs/armeabi-v7a/libgx_hyperion.so
[x86_64] SharedLibrary  : libgx_hyperion.so
[x86_64] Install        : libgx_hyperion.so => libs/x86_64/libgx_hyperion.so
  ✓ Success (4 .so files generated)
Building GxKnightFuzz.lv2...
Android NDK: APP_PLATFORM not set. Defaulting to minimum supported version android-21.    
[armeabi-v7a] Compile++ thumb: gx_KnightFuzz <= gx_KnightFuzz.cpp
jni/../plugin/gx_KnightFuzz.cpp:317:1: warning: duplicate 'extern' declaration specifier [-Wduplicate-decl-specifier]
  317 | LV2_SYMBOL_EXPORT
      | ^
jni/../../lv2-headers/lv2.h:358:5: note: expanded from macro 'LV2_SYMBOL_EXPORT'
  358 |     LV2_SYMBOL_EXTERN __attribute__((visibility("default")))
      |     ^
jni/../../lv2-headers/lv2.h:345:29: note: expanded from macro 'LV2_SYMBOL_EXTERN'
  345 | #  define LV2_SYMBOL_EXTERN extern "C"
      |                             ^
In file included from jni/../plugin/gx_KnightFuzz.cpp:68:
jni/../dsp/KnightFuzz.cc:82:14: warning: private field 'fslider0' is not used [-Wunused-private-field]
   82 |         FAUSTFLOAT      fslider0;
      |                         ^
jni/../dsp/KnightFuzz.cc:116:14: warning: private field 'fslider1' is not used [-Wunused-private-field]
  116 |         FAUSTFLOAT      fslider1;
      |                         ^
3 warnings generated.
[x86] Compile++      : gx_KnightFuzz <= gx_KnightFuzz.cpp
jni/../plugin/gx_KnightFuzz.cpp:317:1: warning: duplicate 'extern' declaration specifier [-Wduplicate-decl-specifier]
  317 | LV2_SYMBOL_EXPORT
      | ^
jni/../../lv2-headers/lv2.h:358:5: note: expanded from macro 'LV2_SYMBOL_EXPORT'
  358 |     LV2_SYMBOL_EXTERN __attribute__((visibility("default")))
      |     ^
jni/../../lv2-headers/lv2.h:345:29: note: expanded from macro 'LV2_SYMBOL_EXTERN'
  345 | #  define LV2_SYMBOL_EXTERN extern "C"
      |                             ^
In file included from jni/../plugin/gx_KnightFuzz.cpp:68:
jni/../dsp/KnightFuzz.cc:82:14: warning: private field 'fslider0' is not used [-Wunused-private-field]
   82 |         FAUSTFLOAT      fslider0;
      |                         ^
jni/../dsp/KnightFuzz.cc:116:14: warning: private field 'fslider1' is not used [-Wunused-private-field]
  116 |         FAUSTFLOAT      fslider1;
      |                         ^
3 warnings generated.
[x86_64] Compile++      : gx_KnightFuzz <= gx_KnightFuzz.cpp
jni/../plugin/gx_KnightFuzz.cpp:317:1: warning: duplicate 'extern' declaration specifier [-Wduplicate-decl-specifier]
  317 | LV2_SYMBOL_EXPORT
      | ^
jni/../../lv2-headers/lv2.h:358:5: note: expanded from macro 'LV2_SYMBOL_EXPORT'
  358 |     LV2_SYMBOL_EXTERN __attribute__((visibility("default")))
      |     ^
jni/../../lv2-headers/lv2.h:345:29: note: expanded from macro 'LV2_SYMBOL_EXTERN'
  345 | #  define LV2_SYMBOL_EXTERN extern "C"
      |                             ^
In file included from jni/../plugin/gx_KnightFuzz.cpp:68:
jni/../dsp/KnightFuzz.cc:82:14: warning: private field 'fslider0' is not used [-Wunused-private-field]
   82 |         FAUSTFLOAT      fslider0;
      |                         ^
jni/../dsp/KnightFuzz.cc:116:14: warning: private field 'fslider1' is not used [-Wunused-private-field]
  116 |         FAUSTFLOAT      fslider1;
      |                         ^
3 warnings generated.
[x86] SharedLibrary  : libgx_KnightFuzz.so
[armeabi-v7a] SharedLibrary  : libgx_KnightFuzz.so
[x86] Install        : libgx_KnightFuzz.so => libs/x86/libgx_KnightFuzz.so
[armeabi-v7a] Install        : libgx_KnightFuzz.so => libs/armeabi-v7a/libgx_KnightFuzz.so
[x86_64] SharedLibrary  : libgx_KnightFuzz.so
[arm64-v8a] Compile++      : gx_KnightFuzz <= gx_KnightFuzz.cpp
jni/../plugin/gx_KnightFuzz.cpp:317:1: warning: duplicate 'extern' declaration specifier [-Wduplicate-decl-specifier]
  317 | LV2_SYMBOL_EXPORT
      | ^
jni/../../lv2-headers/lv2.h:358:5: note: expanded from macro 'LV2_SYMBOL_EXPORT'
  358 |     LV2_SYMBOL_EXTERN __attribute__((visibility("default")))
      |     ^
jni/../../lv2-headers/lv2.h:345:29: note: expanded from macro 'LV2_SYMBOL_EXTERN'
  345 | #  define LV2_SYMBOL_EXTERN extern "C"
      |                             ^
In file included from jni/../plugin/gx_KnightFuzz.cpp:68:
jni/../dsp/KnightFuzz.cc:82:14: warning: private field 'fslider0' is not used [-Wunused-private-field]
   82 |         FAUSTFLOAT      fslider0;
      |                         ^
jni/../dsp/KnightFuzz.cc:116:14: warning: private field 'fslider1' is not used [-Wunused-private-field]
  116 |         FAUSTFLOAT      fslider1;
      |                         ^
3 warnings generated.
[x86_64] Install        : libgx_KnightFuzz.so => libs/x86_64/libgx_KnightFuzz.so
[arm64-v8a] SharedLibrary  : libgx_KnightFuzz.so
[arm64-v8a] Install        : libgx_KnightFuzz.so => libs/arm64-v8a/libgx_KnightFuzz.so
  ✓ Success (4 .so files generated)
Building GxLiquidDrive.lv2...
Android NDK: APP_PLATFORM not set. Defaulting to minimum supported version android-21.    
[x86] Compile++      : gx_liquiddrive <= gx_liquiddrive.cpp
jni/../plugin/gx_liquiddrive.cpp:317:1: warning: duplicate 'extern' declaration specifier [-Wduplicate-decl-specifier]
  317 | LV2_SYMBOL_EXPORT
      | ^
jni/../../lv2-headers/lv2.h:358:5: note: expanded from macro 'LV2_SYMBOL_EXPORT'
  358 |     LV2_SYMBOL_EXTERN __attribute__((visibility("default")))
      |     ^
jni/../../lv2-headers/lv2.h:345:29: note: expanded from macro 'LV2_SYMBOL_EXTERN'
  345 | #  define LV2_SYMBOL_EXTERN extern "C"
      |                             ^
In file included from jni/../plugin/gx_liquiddrive.cpp:68:
jni/../dsp/liquiddrive.cc:78:14: warning: private field 'fslider0' is not used [-Wunused-private-field]
   78 |         FAUSTFLOAT      fslider0;
      |                         ^
jni/../dsp/liquiddrive.cc:98:14: warning: private field 'fslider1' is not used [-Wunused-private-field]
   98 |         FAUSTFLOAT      fslider1;
      |                         ^
3 warnings generated.
[armeabi-v7a] Compile++ thumb: gx_liquiddrive <= gx_liquiddrive.cpp
jni/../plugin/gx_liquiddrive.cpp:317:1: warning: duplicate 'extern' declaration specifier [-Wduplicate-decl-specifier]
  317 | LV2_SYMBOL_EXPORT
      | ^
jni/../../lv2-headers/lv2.h:358:5: note: expanded from macro 'LV2_SYMBOL_EXPORT'
  358 |     LV2_SYMBOL_EXTERN __attribute__((visibility("default")))
      |     ^
jni/../../lv2-headers/lv2.h:345:29: note: expanded from macro 'LV2_SYMBOL_EXTERN'
  345 | #  define LV2_SYMBOL_EXTERN extern "C"
      |                             ^
In file included from jni/../plugin/gx_liquiddrive.cpp:68:
jni/../dsp/liquiddrive.cc:78:14: warning: private field 'fslider0' is not used [-Wunused-private-field]
   78 |         FAUSTFLOAT      fslider0;
      |                         ^
jni/../dsp/liquiddrive.cc:98:14: warning: private field 'fslider1' is not used [-Wunused-private-field]
   98 |         FAUSTFLOAT      fslider1;
      |                         ^
3 warnings generated.
[x86_64] Compile++      : gx_liquiddrive <= gx_liquiddrive.cpp
jni/../plugin/gx_liquiddrive.cpp:317:1: warning: duplicate 'extern' declaration specifier [-Wduplicate-decl-specifier]
  317 | LV2_SYMBOL_EXPORT
      | ^
jni/../../lv2-headers/lv2.h:358:5: note: expanded from macro 'LV2_SYMBOL_EXPORT'
  358 |     LV2_SYMBOL_EXTERN __attribute__((visibility("default")))
      |     ^
jni/../../lv2-headers/lv2.h:345:29: note: expanded from macro 'LV2_SYMBOL_EXTERN'
  345 | #  define LV2_SYMBOL_EXTERN extern "C"
      |                             ^
In file included from jni/../plugin/gx_liquiddrive.cpp:68:
jni/../dsp/liquiddrive.cc:78:14: warning: private field 'fslider0' is not used [-Wunused-private-field]
   78 |         FAUSTFLOAT      fslider0;
      |                         ^
jni/../dsp/liquiddrive.cc:98:14: warning: private field 'fslider1' is not used [-Wunused-private-field]
   98 |         FAUSTFLOAT      fslider1;
      |                         ^
3 warnings generated.
[x86] SharedLibrary  : libgx_liquiddrive.so
[x86] Install        : libgx_liquiddrive.so => libs/x86/libgx_liquiddrive.so
[arm64-v8a] Compile++      : gx_liquiddrive <= gx_liquiddrive.cpp
jni/../plugin/gx_liquiddrive.cpp:317:1: warning: duplicate 'extern' declaration specifier [-Wduplicate-decl-specifier]
  317 | LV2_SYMBOL_EXPORT
      | ^
jni/../../lv2-headers/lv2.h:358:5: note: expanded from macro 'LV2_SYMBOL_EXPORT'
  358 |     LV2_SYMBOL_EXTERN __attribute__((visibility("default")))
      |     ^
jni/../../lv2-headers/lv2.h:345:29: note: expanded from macro 'LV2_SYMBOL_EXTERN'
  345 | #  define LV2_SYMBOL_EXTERN extern "C"
      |                             ^
In file included from jni/../plugin/gx_liquiddrive.cpp:68:
jni/../dsp/liquiddrive.cc:78:14: warning: private field 'fslider0' is not used [-Wunused-private-field]
   78 |         FAUSTFLOAT      fslider0;
      |                         ^
jni/../dsp/liquiddrive.cc:98:14: warning: private field 'fslider1' is not used [-Wunused-private-field]
   98 |         FAUSTFLOAT      fslider1;
      |                         ^
3 warnings generated.
[x86_64] SharedLibrary  : libgx_liquiddrive.so
[armeabi-v7a] SharedLibrary  : libgx_liquiddrive.so
[x86_64] Install        : libgx_liquiddrive.so => libs/x86_64/libgx_liquiddrive.so
[armeabi-v7a] Install        : libgx_liquiddrive.so => libs/armeabi-v7a/libgx_liquiddrive.so
[arm64-v8a] SharedLibrary  : libgx_liquiddrive.so
[arm64-v8a] Install        : libgx_liquiddrive.so => libs/arm64-v8a/libgx_liquiddrive.so
  ✓ Success (4 .so files generated)
Building GxLuna.lv2...
Android NDK: APP_PLATFORM not set. Defaulting to minimum supported version android-21.    
[x86] Compile++      : gx_luna <= gx_luna.cpp
jni/../plugin/gx_luna.cpp:197:18: warning: variable length arrays in C++ are a Clang extension [-Wvla-cxx-extension]
  197 |   FAUSTFLOAT buf[n_samples];
      |                  ^~~~~~~~~
jni/../plugin/gx_luna.cpp:197:18: note: function parameter 'n_samples' with unknown value cannot be used in a constant expression
jni/../plugin/gx_luna.cpp:195:34: note: declared here
  195 | void Gx_luna_::run_dsp_(uint32_t n_samples)
      |                                  ^
jni/../plugin/gx_luna.cpp:341:1: warning: duplicate 'extern' declaration specifier [-Wduplicate-decl-specifier]
  341 | LV2_SYMBOL_EXPORT
      | ^
jni/../../lv2-headers/lv2.h:358:5: note: expanded from macro 'LV2_SYMBOL_EXPORT'
  358 |     LV2_SYMBOL_EXTERN __attribute__((visibility("default")))
      |     ^
jni/../../lv2-headers/lv2.h:345:29: note: expanded from macro 'LV2_SYMBOL_EXTERN'
  345 | #  define LV2_SYMBOL_EXTERN extern "C"
      |                             ^
In file included from jni/../plugin/gx_luna.cpp:68:
jni/../dsp/luna.cc:11:14: warning: private field 'fslider0' is not used [-Wunused-private-field]
   11 |         FAUSTFLOAT      fslider0;
      |                         ^
jni/../dsp/luna.cc:31:14: warning: private field 'fslider1' is not used [-Wunused-private-field]
   31 |         FAUSTFLOAT      fslider1;
      |                         ^
jni/../dsp/luna.cc:82:14: warning: private field 'fslider2' is not used [-Wunused-private-field]
   82 |         FAUSTFLOAT      fslider2;
      |                         ^
5 warnings generated.
[x86] SharedLibrary  : libgx_luna.so
[x86] Install        : libgx_luna.so => libs/x86/libgx_luna.so
[x86_64] Compile++      : gx_luna <= gx_luna.cpp
jni/../plugin/gx_luna.cpp:197:18: warning: variable length arrays in C++ are a Clang extension [-Wvla-cxx-extension]
  197 |   FAUSTFLOAT buf[n_samples];
      |                  ^~~~~~~~~
jni/../plugin/gx_luna.cpp:197:18: note: function parameter 'n_samples' with unknown value cannot be used in a constant expression
jni/../plugin/gx_luna.cpp:195:34: note: declared here
  195 | void Gx_luna_::run_dsp_(uint32_t n_samples)
      |                                  ^
jni/../plugin/gx_luna.cpp:341:1: warning: duplicate 'extern' declaration specifier [-Wduplicate-decl-specifier]
  341 | LV2_SYMBOL_EXPORT
      | ^
jni/../../lv2-headers/lv2.h:358:5: note: expanded from macro 'LV2_SYMBOL_EXPORT'
  358 |     LV2_SYMBOL_EXTERN __attribute__((visibility("default")))
      |     ^
jni/../../lv2-headers/lv2.h:345:29: note: expanded from macro 'LV2_SYMBOL_EXTERN'
  345 | #  define LV2_SYMBOL_EXTERN extern "C"
      |                             ^
In file included from jni/../plugin/gx_luna.cpp:68:
jni/../dsp/luna.cc:11:14: warning: private field 'fslider0' is not used [-Wunused-private-field]
   11 |         FAUSTFLOAT      fslider0;
      |                         ^
jni/../dsp/luna.cc:31:14: warning: private field 'fslider1' is not used [-Wunused-private-field]
   31 |         FAUSTFLOAT      fslider1;
      |                         ^
jni/../dsp/luna.cc:82:14: warning: private field 'fslider2' is not used [-Wunused-private-field]
   82 |         FAUSTFLOAT      fslider2;
      |                         ^
5 warnings generated.
[armeabi-v7a] Compile++ thumb: gx_luna <= gx_luna.cpp
jni/../plugin/gx_luna.cpp:197:18: warning: variable length arrays in C++ are a Clang extension [-Wvla-cxx-extension]
  197 |   FAUSTFLOAT buf[n_samples];
      |                  ^~~~~~~~~
jni/../plugin/gx_luna.cpp:197:18: note: function parameter 'n_samples' with unknown value cannot be used in a constant expression
jni/../plugin/gx_luna.cpp:195:34: note: declared here
  195 | void Gx_luna_::run_dsp_(uint32_t n_samples)
      |                                  ^
jni/../plugin/gx_luna.cpp:341:1: warning: duplicate 'extern' declaration specifier [-Wduplicate-decl-specifier]
  341 | LV2_SYMBOL_EXPORT
      | ^
jni/../../lv2-headers/lv2.h:358:5: note: expanded from macro 'LV2_SYMBOL_EXPORT'
  358 |     LV2_SYMBOL_EXTERN __attribute__((visibility("default")))
      |     ^
jni/../../lv2-headers/lv2.h:345:29: note: expanded from macro 'LV2_SYMBOL_EXTERN'
  345 | #  define LV2_SYMBOL_EXTERN extern "C"
      |                             ^
In file included from jni/../plugin/gx_luna.cpp:68:
jni/../dsp/luna.cc:11:14: warning: private field 'fslider0' is not used [-Wunused-private-field]
   11 |         FAUSTFLOAT      fslider0;
      |                         ^
jni/../dsp/luna.cc:31:14: warning: private field 'fslider1' is not used [-Wunused-private-field]
   31 |         FAUSTFLOAT      fslider1;
      |                         ^
jni/../dsp/luna.cc:82:14: warning: private field 'fslider2' is not used [-Wunused-private-field]
   82 |         FAUSTFLOAT      fslider2;
      |                         ^
5 warnings generated.
[armeabi-v7a] SharedLibrary  : libgx_luna.so
[x86_64] SharedLibrary  : libgx_luna.so
[armeabi-v7a] Install        : libgx_luna.so => libs/armeabi-v7a/libgx_luna.so
[x86_64] Install        : libgx_luna.so => libs/x86_64/libgx_luna.so
[arm64-v8a] Compile++      : gx_luna <= gx_luna.cpp
jni/../plugin/gx_luna.cpp:197:18: warning: variable length arrays in C++ are a Clang extension [-Wvla-cxx-extension]
  197 |   FAUSTFLOAT buf[n_samples];
      |                  ^~~~~~~~~
jni/../plugin/gx_luna.cpp:197:18: note: function parameter 'n_samples' with unknown value cannot be used in a constant expression
jni/../plugin/gx_luna.cpp:195:34: note: declared here
  195 | void Gx_luna_::run_dsp_(uint32_t n_samples)
      |                                  ^
jni/../plugin/gx_luna.cpp:341:1: warning: duplicate 'extern' declaration specifier [-Wduplicate-decl-specifier]
  341 | LV2_SYMBOL_EXPORT
      | ^
jni/../../lv2-headers/lv2.h:358:5: note: expanded from macro 'LV2_SYMBOL_EXPORT'
  358 |     LV2_SYMBOL_EXTERN __attribute__((visibility("default")))
      |     ^
jni/../../lv2-headers/lv2.h:345:29: note: expanded from macro 'LV2_SYMBOL_EXTERN'
  345 | #  define LV2_SYMBOL_EXTERN extern "C"
      |                             ^
In file included from jni/../plugin/gx_luna.cpp:68:
jni/../dsp/luna.cc:11:14: warning: private field 'fslider0' is not used [-Wunused-private-field]
   11 |         FAUSTFLOAT      fslider0;
      |                         ^
jni/../dsp/luna.cc:31:14: warning: private field 'fslider1' is not used [-Wunused-private-field]
   31 |         FAUSTFLOAT      fslider1;
      |                         ^
jni/../dsp/luna.cc:82:14: warning: private field 'fslider2' is not used [-Wunused-private-field]
   82 |         FAUSTFLOAT      fslider2;
      |                         ^
5 warnings generated.
[arm64-v8a] SharedLibrary  : libgx_luna.so
[arm64-v8a] Install        : libgx_luna.so => libs/arm64-v8a/libgx_luna.so
  ✓ Success (4 .so files generated)
Building GxMicroAmp.lv2...
Android NDK: APP_PLATFORM not set. Defaulting to minimum supported version android-21.    
[x86_64] Compile++      : gx_MicroAmp <= gx_MicroAmp.cpp
jni/../plugin/gx_MicroAmp.cpp:317:1: warning: duplicate 'extern' declaration specifier [-Wduplicate-decl-specifier]
  317 | LV2_SYMBOL_EXPORT
      | ^
jni/../../lv2-headers/lv2.h:358:5: note: expanded from macro 'LV2_SYMBOL_EXPORT'
  358 |     LV2_SYMBOL_EXTERN __attribute__((visibility("default")))
      |     ^
jni/../../lv2-headers/lv2.h:345:29: note: expanded from macro 'LV2_SYMBOL_EXTERN'
  345 | #  define LV2_SYMBOL_EXTERN extern "C"
      |                             ^
In file included from jni/../plugin/gx_MicroAmp.cpp:68:
jni/../dsp/MicroAmp.cc:10:14: warning: private field 'fslider0' is not used [-Wunused-private-field]
   10 |         FAUSTFLOAT      fslider0;
      |                         ^
2 warnings generated.
[armeabi-v7a] Compile++ thumb: gx_MicroAmp <= gx_MicroAmp.cpp
jni/../plugin/gx_MicroAmp.cpp:317:1: warning: duplicate 'extern' declaration specifier [-Wduplicate-decl-specifier]
  317 | LV2_SYMBOL_EXPORT
      | ^
jni/../../lv2-headers/lv2.h:358:5: note: expanded from macro 'LV2_SYMBOL_EXPORT'
  358 |     LV2_SYMBOL_EXTERN __attribute__((visibility("default")))
      |     ^
jni/../../lv2-headers/lv2.h:345:29: note: expanded from macro 'LV2_SYMBOL_EXTERN'
  345 | #  define LV2_SYMBOL_EXTERN extern "C"
      |                             ^
In file included from jni/../plugin/gx_MicroAmp.cpp:68:
jni/../dsp/MicroAmp.cc:10:14: warning: private field 'fslider0' is not used [-Wunused-private-field]
   10 |         FAUSTFLOAT      fslider0;
      |                         ^
2 warnings generated.
[x86] Compile++      : gx_MicroAmp <= gx_MicroAmp.cpp
jni/../plugin/gx_MicroAmp.cpp:317:1: warning: duplicate 'extern' declaration specifier [-Wduplicate-decl-specifier]
  317 | LV2_SYMBOL_EXPORT
      | ^
jni/../../lv2-headers/lv2.h:358:5: note: expanded from macro 'LV2_SYMBOL_EXPORT'
  358 |     LV2_SYMBOL_EXTERN __attribute__((visibility("default")))
      |     ^
jni/../../lv2-headers/lv2.h:345:29: note: expanded from macro 'LV2_SYMBOL_EXTERN'
  345 | #  define LV2_SYMBOL_EXTERN extern "C"
      |                             ^
In file included from jni/../plugin/gx_MicroAmp.cpp:68:
jni/../dsp/MicroAmp.cc:10:14: warning: private field 'fslider0' is not used [-Wunused-private-field]
   10 |         FAUSTFLOAT      fslider0;
      |                         ^
2 warnings generated.
[x86_64] SharedLibrary  : libgx_MicroAmp.so
[armeabi-v7a] SharedLibrary  : libgx_MicroAmp.so
[x86_64] Install        : libgx_MicroAmp.so => libs/x86_64/libgx_MicroAmp.so
[armeabi-v7a] Install        : libgx_MicroAmp.so => libs/armeabi-v7a/libgx_MicroAmp.so
[x86] SharedLibrary  : libgx_MicroAmp.so
[arm64-v8a] Compile++      : gx_MicroAmp <= gx_MicroAmp.cpp
jni/../plugin/gx_MicroAmp.cpp:317:1: warning: duplicate 'extern' declaration specifier [-Wduplicate-decl-specifier]
  317 | LV2_SYMBOL_EXPORT
      | ^
jni/../../lv2-headers/lv2.h:358:5: note: expanded from macro 'LV2_SYMBOL_EXPORT'
  358 |     LV2_SYMBOL_EXTERN __attribute__((visibility("default")))
      |     ^
jni/../../lv2-headers/lv2.h:345:29: note: expanded from macro 'LV2_SYMBOL_EXTERN'
  345 | #  define LV2_SYMBOL_EXTERN extern "C"
      |                             ^
In file included from jni/../plugin/gx_MicroAmp.cpp:68:
jni/../dsp/MicroAmp.cc:10:14: warning: private field 'fslider0' is not used [-Wunused-private-field]
   10 |         FAUSTFLOAT      fslider0;
      |                         ^
2 warnings generated.
[x86] Install        : libgx_MicroAmp.so => libs/x86/libgx_MicroAmp.so
[arm64-v8a] SharedLibrary  : libgx_MicroAmp.so
[arm64-v8a] Install        : libgx_MicroAmp.so => libs/arm64-v8a/libgx_MicroAmp.so
  ✓ Success (4 .so files generated)
Building GxPlexi.lv2...
Android NDK: APP_PLATFORM not set. Defaulting to minimum supported version android-21.    
[x86_64] Compile++      : gx_plexi <= gx_plexi.cpp
jni/../plugin/gx_plexi.cpp:186:18: warning: variable length arrays in C++ are a Clang extension [-Wvla-cxx-extension]
  186 |   FAUSTFLOAT buf[n_samples];
      |                  ^~~~~~~~~
jni/../plugin/gx_plexi.cpp:186:18: note: function parameter 'n_samples' with unknown value cannot be used in a constant expression
jni/../plugin/gx_plexi.cpp:184:35: note: declared here
  184 | void Gx_plexi_::run_dsp_(uint32_t n_samples)
      |                                   ^
jni/../plugin/gx_plexi.cpp:330:1: warning: duplicate 'extern' declaration specifier [-Wduplicate-decl-specifier]
  330 | LV2_SYMBOL_EXPORT
      | ^
jni/../../lv2-headers/lv2.h:358:5: note: expanded from macro 'LV2_SYMBOL_EXPORT'
  358 |     LV2_SYMBOL_EXTERN __attribute__((visibility("default")))
      |     ^
jni/../../lv2-headers/lv2.h:345:29: note: expanded from macro 'LV2_SYMBOL_EXTERN'
  345 | #  define LV2_SYMBOL_EXTERN extern "C"
      |                             ^
2 warnings generated.
[x86] Compile++      : gx_plexi <= gx_plexi.cpp
jni/../plugin/gx_plexi.cpp:186:18: warning: variable length arrays in C++ are a Clang extension [-Wvla-cxx-extension]
  186 |   FAUSTFLOAT buf[n_samples];
      |                  ^~~~~~~~~
jni/../plugin/gx_plexi.cpp:186:18: note: function parameter 'n_samples' with unknown value cannot be used in a constant expression
jni/../plugin/gx_plexi.cpp:184:35: note: declared here
  184 | void Gx_plexi_::run_dsp_(uint32_t n_samples)
      |                                   ^
jni/../plugin/gx_plexi.cpp:330:1: warning: duplicate 'extern' declaration specifier [-Wduplicate-decl-specifier]
  330 | LV2_SYMBOL_EXPORT
      | ^
jni/../../lv2-headers/lv2.h:358:5: note: expanded from macro 'LV2_SYMBOL_EXPORT'
  358 |     LV2_SYMBOL_EXTERN __attribute__((visibility("default")))
      |     ^
jni/../../lv2-headers/lv2.h:345:29: note: expanded from macro 'LV2_SYMBOL_EXTERN'
  345 | #  define LV2_SYMBOL_EXTERN extern "C"
      |                             ^
2 warnings generated.
[x86_64] SharedLibrary  : libgx_plexi.so
[x86_64] Install        : libgx_plexi.so => libs/x86_64/libgx_plexi.so
[x86] SharedLibrary  : libgx_plexi.so
[x86] Install        : libgx_plexi.so => libs/x86/libgx_plexi.so
[arm64-v8a] Compile++      : gx_plexi <= gx_plexi.cpp
jni/../plugin/gx_plexi.cpp:186:18: warning: variable length arrays in C++ are a Clang extension [-Wvla-cxx-extension]
  186 |   FAUSTFLOAT buf[n_samples];
      |                  ^~~~~~~~~
jni/../plugin/gx_plexi.cpp:186:18: note: function parameter 'n_samples' with unknown value cannot be used in a constant expression
jni/../plugin/gx_plexi.cpp:184:35: note: declared here
  184 | void Gx_plexi_::run_dsp_(uint32_t n_samples)
      |                                   ^
jni/../plugin/gx_plexi.cpp:330:1: warning: duplicate 'extern' declaration specifier [-Wduplicate-decl-specifier]
  330 | LV2_SYMBOL_EXPORT
      | ^
jni/../../lv2-headers/lv2.h:358:5: note: expanded from macro 'LV2_SYMBOL_EXPORT'
  358 |     LV2_SYMBOL_EXTERN __attribute__((visibility("default")))
      |     ^
jni/../../lv2-headers/lv2.h:345:29: note: expanded from macro 'LV2_SYMBOL_EXTERN'
  345 | #  define LV2_SYMBOL_EXTERN extern "C"
      |                             ^
2 warnings generated.
[arm64-v8a] SharedLibrary  : libgx_plexi.so
[arm64-v8a] Install        : libgx_plexi.so => libs/arm64-v8a/libgx_plexi.so
[armeabi-v7a] Compile++ thumb: gx_plexi <= gx_plexi.cpp
jni/../plugin/gx_plexi.cpp:186:18: warning: variable length arrays in C++ are a Clang extension [-Wvla-cxx-extension]
  186 |   FAUSTFLOAT buf[n_samples];
      |                  ^~~~~~~~~
jni/../plugin/gx_plexi.cpp:186:18: note: function parameter 'n_samples' with unknown value cannot be used in a constant expression
jni/../plugin/gx_plexi.cpp:184:35: note: declared here
  184 | void Gx_plexi_::run_dsp_(uint32_t n_samples)
      |                                   ^
jni/../plugin/gx_plexi.cpp:330:1: warning: duplicate 'extern' declaration specifier [-Wduplicate-decl-specifier]
  330 | LV2_SYMBOL_EXPORT
      | ^
jni/../../lv2-headers/lv2.h:358:5: note: expanded from macro 'LV2_SYMBOL_EXPORT'
  358 |     LV2_SYMBOL_EXTERN __attribute__((visibility("default")))
      |     ^
jni/../../lv2-headers/lv2.h:345:29: note: expanded from macro 'LV2_SYMBOL_EXTERN'
  345 | #  define LV2_SYMBOL_EXTERN extern "C"
      |                             ^
2 warnings generated.
[armeabi-v7a] SharedLibrary  : libgx_plexi.so
[armeabi-v7a] Install        : libgx_plexi.so => libs/armeabi-v7a/libgx_plexi.so
  ✓ Success (4 .so files generated)
Building GxQuack.lv2...
Android NDK: APP_PLATFORM not set. Defaulting to minimum supported version android-21.    
[x86] Compile++      : gx_quack <= gx_quack.cpp
jni/../plugin/gx_quack.cpp:317:1: warning: duplicate 'extern' declaration specifier [-Wduplicate-decl-specifier]
  317 | LV2_SYMBOL_EXPORT
      | ^
jni/../../lv2-headers/lv2.h:358:5: note: expanded from macro 'LV2_SYMBOL_EXPORT'
  358 |     LV2_SYMBOL_EXTERN __attribute__((visibility("default")))
      |     ^
jni/../../lv2-headers/lv2.h:345:29: note: expanded from macro 'LV2_SYMBOL_EXTERN'
  345 | #  define LV2_SYMBOL_EXTERN extern "C"
      |                             ^
In file included from jni/../plugin/gx_quack.cpp:68:
jni/../dsp/quack.cc:17:14: warning: private field 'fslider0' is not used [-Wunused-private-field]
   17 |         FAUSTFLOAT      fslider0;
      |                         ^
jni/../dsp/quack.cc:20:14: warning: private field 'fslider1' is not used [-Wunused-private-field]
   20 |         FAUSTFLOAT      fslider1;
      |                         ^
jni/../dsp/quack.cc:44:14: warning: private field 'fslider2' is not used [-Wunused-private-field]
   44 |         FAUSTFLOAT      fslider2;
      |                         ^
jni/../dsp/quack.cc:186:14: warning: private field 'fslider3' is not used [-Wunused-private-field]
  186 |         FAUSTFLOAT      fslider3;
      |                         ^
jni/../dsp/quack.cc:196:14: warning: private field 'fslider4' is not used [-Wunused-private-field]
  196 |         FAUSTFLOAT      fslider4;
      |                         ^
jni/../dsp/quack.cc:198:14: warning: private field 'fslider5' is not used [-Wunused-private-field]
  198 |         FAUSTFLOAT      fslider5;
      |                         ^
jni/../dsp/quack.cc:200:14: warning: private field 'fslider6' is not used [-Wunused-private-field]
  200 |         FAUSTFLOAT      fslider6;
      |                         ^
8 warnings generated.
[arm64-v8a] Compile++      : gx_quack <= gx_quack.cpp
jni/../plugin/gx_quack.cpp:317:1: warning: duplicate 'extern' declaration specifier [-Wduplicate-decl-specifier]
  317 | LV2_SYMBOL_EXPORT
      | ^
jni/../../lv2-headers/lv2.h:358:5: note: expanded from macro 'LV2_SYMBOL_EXPORT'
  358 |     LV2_SYMBOL_EXTERN __attribute__((visibility("default")))
      |     ^
jni/../../lv2-headers/lv2.h:345:29: note: expanded from macro 'LV2_SYMBOL_EXTERN'
  345 | #  define LV2_SYMBOL_EXTERN extern "C"
      |                             ^
In file included from jni/../plugin/gx_quack.cpp:68:
jni/../dsp/quack.cc:17:14: warning: private field 'fslider0' is not used [-Wunused-private-field]
   17 |         FAUSTFLOAT      fslider0;
      |                         ^
jni/../dsp/quack.cc:20:14: warning: private field 'fslider1' is not used [-Wunused-private-field]
   20 |         FAUSTFLOAT      fslider1;
      |                         ^
jni/../dsp/quack.cc:44:14: warning: private field 'fslider2' is not used [-Wunused-private-field]
   44 |         FAUSTFLOAT      fslider2;
      |                         ^
jni/../dsp/quack.cc:186:14: warning: private field 'fslider3' is not used [-Wunused-private-field]
  186 |         FAUSTFLOAT      fslider3;
      |                         ^
jni/../dsp/quack.cc:196:14: warning: private field 'fslider4' is not used [-Wunused-private-field]
  196 |         FAUSTFLOAT      fslider4;
      |                         ^
jni/../dsp/quack.cc:198:14: warning: private field 'fslider5' is not used [-Wunused-private-field]
  198 |         FAUSTFLOAT      fslider5;
      |                         ^
jni/../dsp/quack.cc:200:14: warning: private field 'fslider6' is not used [-Wunused-private-field]
  200 |         FAUSTFLOAT      fslider6;
      |                         ^
8 warnings generated.
[x86_64] Compile++      : gx_quack <= gx_quack.cpp
jni/../plugin/gx_quack.cpp:317:1: warning: duplicate 'extern' declaration specifier [-Wduplicate-decl-specifier]
  317 | LV2_SYMBOL_EXPORT
      | ^
jni/../../lv2-headers/lv2.h:358:5: note: expanded from macro 'LV2_SYMBOL_EXPORT'
  358 |     LV2_SYMBOL_EXTERN __attribute__((visibility("default")))
      |     ^
jni/../../lv2-headers/lv2.h:345:29: note: expanded from macro 'LV2_SYMBOL_EXTERN'
  345 | #  define LV2_SYMBOL_EXTERN extern "C"
      |                             ^
In file included from jni/../plugin/gx_quack.cpp:68:
jni/../dsp/quack.cc:17:14: warning: private field 'fslider0' is not used [-Wunused-private-field]
   17 |         FAUSTFLOAT      fslider0;
      |                         ^
jni/../dsp/quack.cc:20:14: warning: private field 'fslider1' is not used [-Wunused-private-field]
   20 |         FAUSTFLOAT      fslider1;
      |                         ^
jni/../dsp/quack.cc:44:14: warning: private field 'fslider2' is not used [-Wunused-private-field]
   44 |         FAUSTFLOAT      fslider2;
      |                         ^
jni/../dsp/quack.cc:186:14: warning: private field 'fslider3' is not used [-Wunused-private-field]
  186 |         FAUSTFLOAT      fslider3;
      |                         ^
jni/../dsp/quack.cc:196:14: warning: private field 'fslider4' is not used [-Wunused-private-field]
  196 |         FAUSTFLOAT      fslider4;
      |                         ^
jni/../dsp/quack.cc:198:14: warning: private field 'fslider5' is not used [-Wunused-private-field]
  198 |         FAUSTFLOAT      fslider5;
      |                         ^
jni/../dsp/quack.cc:200:14: warning: private field 'fslider6' is not used [-Wunused-private-field]
  200 |         FAUSTFLOAT      fslider6;
      |                         ^
8 warnings generated.
[x86] SharedLibrary  : libgx_quack.so
[x86] Install        : libgx_quack.so => libs/x86/libgx_quack.so
[arm64-v8a] SharedLibrary  : libgx_quack.so
[x86_64] SharedLibrary  : libgx_quack.so
[arm64-v8a] Install        : libgx_quack.so => libs/arm64-v8a/libgx_quack.so
[x86_64] Install        : libgx_quack.so => libs/x86_64/libgx_quack.so
[armeabi-v7a] Compile++ thumb: gx_quack <= gx_quack.cpp
jni/../plugin/gx_quack.cpp:317:1: warning: duplicate 'extern' declaration specifier [-Wduplicate-decl-specifier]
  317 | LV2_SYMBOL_EXPORT
      | ^
jni/../../lv2-headers/lv2.h:358:5: note: expanded from macro 'LV2_SYMBOL_EXPORT'
  358 |     LV2_SYMBOL_EXTERN __attribute__((visibility("default")))
      |     ^
jni/../../lv2-headers/lv2.h:345:29: note: expanded from macro 'LV2_SYMBOL_EXTERN'
  345 | #  define LV2_SYMBOL_EXTERN extern "C"
      |                             ^
In file included from jni/../plugin/gx_quack.cpp:68:
jni/../dsp/quack.cc:17:14: warning: private field 'fslider0' is not used [-Wunused-private-field]
   17 |         FAUSTFLOAT      fslider0;
      |                         ^
jni/../dsp/quack.cc:20:14: warning: private field 'fslider1' is not used [-Wunused-private-field]
   20 |         FAUSTFLOAT      fslider1;
      |                         ^
jni/../dsp/quack.cc:44:14: warning: private field 'fslider2' is not used [-Wunused-private-field]
   44 |         FAUSTFLOAT      fslider2;
      |                         ^
jni/../dsp/quack.cc:186:14: warning: private field 'fslider3' is not used [-Wunused-private-field]
  186 |         FAUSTFLOAT      fslider3;
      |                         ^
jni/../dsp/quack.cc:196:14: warning: private field 'fslider4' is not used [-Wunused-private-field]
  196 |         FAUSTFLOAT      fslider4;
      |                         ^
jni/../dsp/quack.cc:198:14: warning: private field 'fslider5' is not used [-Wunused-private-field]
  198 |         FAUSTFLOAT      fslider5;
      |                         ^
jni/../dsp/quack.cc:200:14: warning: private field 'fslider6' is not used [-Wunused-private-field]
  200 |         FAUSTFLOAT      fslider6;
      |                         ^
8 warnings generated.
[armeabi-v7a] SharedLibrary  : libgx_quack.so
[armeabi-v7a] Install        : libgx_quack.so => libs/armeabi-v7a/libgx_quack.so
  ✓ Success (4 .so files generated)
Building GxSaturator.lv2...
Android NDK: APP_PLATFORM not set. Defaulting to minimum supported version android-21.    
[x86_64] Compile++      : gx_saturate <= gx_saturate.cpp
jni/../plugin/gx_saturate.cpp:251:1: warning: duplicate 'extern' declaration specifier [-Wduplicate-decl-specifier]
  251 | LV2_SYMBOL_EXPORT
      | ^
jni/../../lv2-headers/lv2.h:358:5: note: expanded from macro 'LV2_SYMBOL_EXPORT'
  358 |     LV2_SYMBOL_EXTERN __attribute__((visibility("default")))
      |     ^
jni/../../lv2-headers/lv2.h:345:29: note: expanded from macro 'LV2_SYMBOL_EXTERN'
  345 | #  define LV2_SYMBOL_EXTERN extern "C"
      |                             ^
In file included from jni/../plugin/gx_saturate.cpp:68:
jni/../dsp/saturate.cc:10:14: warning: private field 'fslider0' is not used [-Wunused-private-field]
   10 |         FAUSTFLOAT      fslider0;
      |                         ^
jni/../dsp/saturate.cc:13:14: warning: private field 'fslider1' is not used [-Wunused-private-field]
   13 |         FAUSTFLOAT      fslider1;
      |                         ^
3 warnings generated.
[x86] Compile++      : gx_saturate <= gx_saturate.cpp
jni/../plugin/gx_saturate.cpp:251:1: warning: duplicate 'extern' declaration specifier [-Wduplicate-decl-specifier]
  251 | LV2_SYMBOL_EXPORT
      | ^
jni/../../lv2-headers/lv2.h:358:5: note: expanded from macro 'LV2_SYMBOL_EXPORT'
  358 |     LV2_SYMBOL_EXTERN __attribute__((visibility("default")))
      |     ^
jni/../../lv2-headers/lv2.h:345:29: note: expanded from macro 'LV2_SYMBOL_EXTERN'
  345 | #  define LV2_SYMBOL_EXTERN extern "C"
      |                             ^
In file included from jni/../plugin/gx_saturate.cpp:68:
jni/../dsp/saturate.cc:10:14: warning: private field 'fslider0' is not used [-Wunused-private-field]
   10 |         FAUSTFLOAT      fslider0;
      |                         ^
jni/../dsp/saturate.cc:13:14: warning: private field 'fslider1' is not used [-Wunused-private-field]
   13 |         FAUSTFLOAT      fslider1;
      |                         ^
3 warnings generated.
[x86_64] SharedLibrary  : libgx_saturate.so
[x86_64] Install        : libgx_saturate.so => libs/x86_64/libgx_saturate.so
[arm64-v8a] Compile++      : gx_saturate <= gx_saturate.cpp
jni/../plugin/gx_saturate.cpp:251:1: warning: duplicate 'extern' declaration specifier [-Wduplicate-decl-specifier]
  251 | LV2_SYMBOL_EXPORT
      | ^
jni/../../lv2-headers/lv2.h:358:5: note: expanded from macro 'LV2_SYMBOL_EXPORT'
  358 |     LV2_SYMBOL_EXTERN __attribute__((visibility("default")))
      |     ^
jni/../../lv2-headers/lv2.h:345:29: note: expanded from macro 'LV2_SYMBOL_EXTERN'
  345 | #  define LV2_SYMBOL_EXTERN extern "C"
      |                             ^
In file included from jni/../plugin/gx_saturate.cpp:68:
jni/../dsp/saturate.cc:10:14: warning: private field 'fslider0' is not used [-Wunused-private-field]
   10 |         FAUSTFLOAT      fslider0;
      |                         ^
jni/../dsp/saturate.cc:13:14: warning: private field 'fslider1' is not used [-Wunused-private-field]
   13 |         FAUSTFLOAT      fslider1;
      |                         ^
3 warnings generated.
[x86] SharedLibrary  : libgx_saturate.so
[arm64-v8a] SharedLibrary  : libgx_saturate.so
[x86] Install        : libgx_saturate.so => libs/x86/libgx_saturate.so
[arm64-v8a] Install        : libgx_saturate.so => libs/arm64-v8a/libgx_saturate.so
[armeabi-v7a] Compile++ thumb: gx_saturate <= gx_saturate.cpp
jni/../plugin/gx_saturate.cpp:251:1: warning: duplicate 'extern' declaration specifier [-Wduplicate-decl-specifier]
  251 | LV2_SYMBOL_EXPORT
      | ^
jni/../../lv2-headers/lv2.h:358:5: note: expanded from macro 'LV2_SYMBOL_EXPORT'
  358 |     LV2_SYMBOL_EXTERN __attribute__((visibility("default")))
      |     ^
jni/../../lv2-headers/lv2.h:345:29: note: expanded from macro 'LV2_SYMBOL_EXTERN'
  345 | #  define LV2_SYMBOL_EXTERN extern "C"
      |                             ^
In file included from jni/../plugin/gx_saturate.cpp:68:
jni/../dsp/saturate.cc:10:14: warning: private field 'fslider0' is not used [-Wunused-private-field]
   10 |         FAUSTFLOAT      fslider0;
      |                         ^
jni/../dsp/saturate.cc:13:14: warning: private field 'fslider1' is not used [-Wunused-private-field]
   13 |         FAUSTFLOAT      fslider1;
      |                         ^
3 warnings generated.
[armeabi-v7a] SharedLibrary  : libgx_saturate.so
[armeabi-v7a] Install        : libgx_saturate.so => libs/armeabi-v7a/libgx_saturate.so
  ✓ Success (4 .so files generated)
Building GxSD1.lv2...
Android NDK: APP_PLATFORM not set. Defaulting to minimum supported version android-21.    
[x86] Compile++      : gx_sd1sim <= gx_sd1sim.cpp
jni/../plugin/gx_sd1sim.cpp:317:1: warning: duplicate 'extern' declaration specifier [-Wduplicate-decl-specifier]
  317 | LV2_SYMBOL_EXPORT
      | ^
jni/../../lv2-headers/lv2.h:358:5: note: expanded from macro 'LV2_SYMBOL_EXPORT'
  358 |     LV2_SYMBOL_EXTERN __attribute__((visibility("default")))
      |     ^
jni/../../lv2-headers/lv2.h:345:29: note: expanded from macro 'LV2_SYMBOL_EXTERN'
  345 | #  define LV2_SYMBOL_EXTERN extern "C"
      |                             ^
In file included from jni/../plugin/gx_sd1sim.cpp:68:
jni/../dsp/sd1sim.cc:43:14: warning: private field 'fslider0' is not used [-Wunused-private-field]
   43 |         FAUSTFLOAT      fslider0;
      |                         ^
jni/../dsp/sd1sim.cc:56:14: warning: private field 'fslider1' is not used [-Wunused-private-field]
   56 |         FAUSTFLOAT      fslider1;
      |                         ^
jni/../dsp/sd1sim.cc:66:14: warning: private field 'fslider2' is not used [-Wunused-private-field]
   66 |         FAUSTFLOAT      fslider2;
      |                         ^
4 warnings generated.
[x86_64] Compile++      : gx_sd1sim <= gx_sd1sim.cpp
jni/../plugin/gx_sd1sim.cpp:317:1: warning: duplicate 'extern' declaration specifier [-Wduplicate-decl-specifier]
  317 | LV2_SYMBOL_EXPORT
      | ^
jni/../../lv2-headers/lv2.h:358:5: note: expanded from macro 'LV2_SYMBOL_EXPORT'
  358 |     LV2_SYMBOL_EXTERN __attribute__((visibility("default")))
      |     ^
jni/../../lv2-headers/lv2.h:345:29: note: expanded from macro 'LV2_SYMBOL_EXTERN'
  345 | #  define LV2_SYMBOL_EXTERN extern "C"
      |                             ^
In file included from jni/../plugin/gx_sd1sim.cpp:68:
jni/../dsp/sd1sim.cc:43:14: warning: private field 'fslider0' is not used [-Wunused-private-field]
   43 |         FAUSTFLOAT      fslider0;
      |                         ^
jni/../dsp/sd1sim.cc:56:14: warning: private field 'fslider1' is not used [-Wunused-private-field]
   56 |         FAUSTFLOAT      fslider1;
      |                         ^
jni/../dsp/sd1sim.cc:66:14: warning: private field 'fslider2' is not used [-Wunused-private-field]
   66 |         FAUSTFLOAT      fslider2;
      |                         ^
4 warnings generated.
[arm64-v8a] Compile++      : gx_sd1sim <= gx_sd1sim.cpp
jni/../plugin/gx_sd1sim.cpp:317:1: warning: duplicate 'extern' declaration specifier [-Wduplicate-decl-specifier]
  317 | LV2_SYMBOL_EXPORT
      | ^
jni/../../lv2-headers/lv2.h:358:5: note: expanded from macro 'LV2_SYMBOL_EXPORT'
  358 |     LV2_SYMBOL_EXTERN __attribute__((visibility("default")))
      |     ^
jni/../../lv2-headers/lv2.h:345:29: note: expanded from macro 'LV2_SYMBOL_EXTERN'
  345 | #  define LV2_SYMBOL_EXTERN extern "C"
      |                             ^
In file included from jni/../plugin/gx_sd1sim.cpp:68:
jni/../dsp/sd1sim.cc:43:14: warning: private field 'fslider0' is not used [-Wunused-private-field]
   43 |         FAUSTFLOAT      fslider0;
      |                         ^
jni/../dsp/sd1sim.cc:56:14: warning: private field 'fslider1' is not used [-Wunused-private-field]
   56 |         FAUSTFLOAT      fslider1;
      |                         ^
jni/../dsp/sd1sim.cc:66:14: warning: private field 'fslider2' is not used [-Wunused-private-field]
   66 |         FAUSTFLOAT      fslider2;
      |                         ^
4 warnings generated.
[x86_64] SharedLibrary  : libgx_sd1sim.so
[x86] SharedLibrary  : libgx_sd1sim.so
[arm64-v8a] SharedLibrary  : libgx_sd1sim.so
[x86_64] Install        : libgx_sd1sim.so => libs/x86_64/libgx_sd1sim.so
[x86] Install        : libgx_sd1sim.so => libs/x86/libgx_sd1sim.so
[arm64-v8a] Install        : libgx_sd1sim.so => libs/arm64-v8a/libgx_sd1sim.so
[armeabi-v7a] Compile++ thumb: gx_sd1sim <= gx_sd1sim.cpp
jni/../plugin/gx_sd1sim.cpp:317:1: warning: duplicate 'extern' declaration specifier [-Wduplicate-decl-specifier]
  317 | LV2_SYMBOL_EXPORT
      | ^
jni/../../lv2-headers/lv2.h:358:5: note: expanded from macro 'LV2_SYMBOL_EXPORT'
  358 |     LV2_SYMBOL_EXTERN __attribute__((visibility("default")))
      |     ^
jni/../../lv2-headers/lv2.h:345:29: note: expanded from macro 'LV2_SYMBOL_EXTERN'
  345 | #  define LV2_SYMBOL_EXTERN extern "C"
      |                             ^
In file included from jni/../plugin/gx_sd1sim.cpp:68:
jni/../dsp/sd1sim.cc:43:14: warning: private field 'fslider0' is not used [-Wunused-private-field]
   43 |         FAUSTFLOAT      fslider0;
      |                         ^
jni/../dsp/sd1sim.cc:56:14: warning: private field 'fslider1' is not used [-Wunused-private-field]
   56 |         FAUSTFLOAT      fslider1;
      |                         ^
jni/../dsp/sd1sim.cc:66:14: warning: private field 'fslider2' is not used [-Wunused-private-field]
   66 |         FAUSTFLOAT      fslider2;
      |                         ^
4 warnings generated.
[armeabi-v7a] SharedLibrary  : libgx_sd1sim.so
[armeabi-v7a] Install        : libgx_sd1sim.so => libs/armeabi-v7a/libgx_sd1sim.so
  ✓ Success (4 .so files generated)
Building GxSD2Lead.lv2...
Android NDK: APP_PLATFORM not set. Defaulting to minimum supported version android-21.    
[armeabi-v7a] Compile++ thumb: gx_sd2lead <= gx_sd2lead.cpp
In file included from jni/../plugin/gx_sd2lead.cpp:68:
jni/../dsp/sd2lead.cc:288:21: warning: variable length arrays in C++ are a Clang extension [-Wvla-cxx-extension]
  288 |         double zerostuffed[count*2];
      |                            ^~~~~~~
jni/../dsp/sd2lead.cc:288:21: note: function parameter 'count' with unknown value cannot be used in a constant expression
jni/../dsp/sd2lead.cc:276:37: note: declared here
  276 | void always_inline Dsp::compute(int count, FAUSTFLOAT *input0, FAUSTFLOAT *output0)
      |                                     ^
jni/../plugin/gx_sd2lead.cpp:317:1: warning: duplicate 'extern' declaration specifier [-Wduplicate-decl-specifier]
  317 | LV2_SYMBOL_EXPORT
      | ^
jni/../../lv2-headers/lv2.h:358:5: note: expanded from macro 'LV2_SYMBOL_EXPORT'
  358 |     LV2_SYMBOL_EXTERN __attribute__((visibility("default")))
      |     ^
jni/../../lv2-headers/lv2.h:345:29: note: expanded from macro 'LV2_SYMBOL_EXTERN'
  345 | #  define LV2_SYMBOL_EXTERN extern "C"
      |                             ^
In file included from jni/../plugin/gx_sd2lead.cpp:68:
jni/../dsp/sd2lead.cc:69:14: warning: private field 'fslider0' is not used [-Wunused-private-field]
   69 |         FAUSTFLOAT      fslider0;
      |                         ^
jni/../dsp/sd2lead.cc:98:14: warning: private field 'fslider1' is not used [-Wunused-private-field]
   98 |         FAUSTFLOAT      fslider1;
      |                         ^
jni/../dsp/sd2lead.cc:117:14: warning: private field 'fslider2' is not used [-Wunused-private-field]
  117 |         FAUSTFLOAT      fslider2;
      |                         ^
5 warnings generated.
[x86] Compile++      : gx_sd2lead <= gx_sd2lead.cpp
In file included from jni/../plugin/gx_sd2lead.cpp:68:
jni/../dsp/sd2lead.cc:288:21: warning: variable length arrays in C++ are a Clang extension [-Wvla-cxx-extension]
  288 |         double zerostuffed[count*2];
      |                            ^~~~~~~
jni/../dsp/sd2lead.cc:288:21: note: function parameter 'count' with unknown value cannot be used in a constant expression
jni/../dsp/sd2lead.cc:276:37: note: declared here
  276 | void always_inline Dsp::compute(int count, FAUSTFLOAT *input0, FAUSTFLOAT *output0)
      |                                     ^
jni/../plugin/gx_sd2lead.cpp:317:1: warning: duplicate 'extern' declaration specifier [-Wduplicate-decl-specifier]
  317 | LV2_SYMBOL_EXPORT
      | ^
jni/../../lv2-headers/lv2.h:358:5: note: expanded from macro 'LV2_SYMBOL_EXPORT'
  358 |     LV2_SYMBOL_EXTERN __attribute__((visibility("default")))
      |     ^
jni/../../lv2-headers/lv2.h:345:29: note: expanded from macro 'LV2_SYMBOL_EXTERN'
  345 | #  define LV2_SYMBOL_EXTERN extern "C"
      |                             ^
In file included from jni/../plugin/gx_sd2lead.cpp:68:
jni/../dsp/sd2lead.cc:69:14: warning: private field 'fslider0' is not used [-Wunused-private-field]
   69 |         FAUSTFLOAT      fslider0;
      |                         ^
jni/../dsp/sd2lead.cc:98:14: warning: private field 'fslider1' is not used [-Wunused-private-field]
   98 |         FAUSTFLOAT      fslider1;
      |                         ^
jni/../dsp/sd2lead.cc:117:14: warning: private field 'fslider2' is not used [-Wunused-private-field]
  117 |         FAUSTFLOAT      fslider2;
      |                         ^
5 warnings generated.
[x86_64] Compile++      : gx_sd2lead <= gx_sd2lead.cpp
In file included from jni/../plugin/gx_sd2lead.cpp:68:
jni/../dsp/sd2lead.cc:288:21: warning: variable length arrays in C++ are a Clang extension [-Wvla-cxx-extension]
  288 |         double zerostuffed[count*2];
      |                            ^~~~~~~
jni/../dsp/sd2lead.cc:288:21: note: function parameter 'count' with unknown value cannot be used in a constant expression
jni/../dsp/sd2lead.cc:276:37: note: declared here
  276 | void always_inline Dsp::compute(int count, FAUSTFLOAT *input0, FAUSTFLOAT *output0)
      |                                     ^
jni/../plugin/gx_sd2lead.cpp:317:1: warning: duplicate 'extern' declaration specifier [-Wduplicate-decl-specifier]
  317 | LV2_SYMBOL_EXPORT
      | ^
jni/../../lv2-headers/lv2.h:358:5: note: expanded from macro 'LV2_SYMBOL_EXPORT'
  358 |     LV2_SYMBOL_EXTERN __attribute__((visibility("default")))
      |     ^
jni/../../lv2-headers/lv2.h:345:29: note: expanded from macro 'LV2_SYMBOL_EXTERN'
  345 | #  define LV2_SYMBOL_EXTERN extern "C"
      |                             ^
In file included from jni/../plugin/gx_sd2lead.cpp:68:
jni/../dsp/sd2lead.cc:69:14: warning: private field 'fslider0' is not used [-Wunused-private-field]
   69 |         FAUSTFLOAT      fslider0;
      |                         ^
jni/../dsp/sd2lead.cc:98:14: warning: private field 'fslider1' is not used [-Wunused-private-field]
   98 |         FAUSTFLOAT      fslider1;
      |                         ^
jni/../dsp/sd2lead.cc:117:14: warning: private field 'fslider2' is not used [-Wunused-private-field]
  117 |         FAUSTFLOAT      fslider2;
      |                         ^
5 warnings generated.
[armeabi-v7a] SharedLibrary  : libgx_sd2lead.so
[armeabi-v7a] Install        : libgx_sd2lead.so => libs/armeabi-v7a/libgx_sd2lead.so
[x86] SharedLibrary  : libgx_sd2lead.so
[x86_64] SharedLibrary  : libgx_sd2lead.so
[x86] Install        : libgx_sd2lead.so => libs/x86/libgx_sd2lead.so
[x86_64] Install        : libgx_sd2lead.so => libs/x86_64/libgx_sd2lead.so
[arm64-v8a] Compile++      : gx_sd2lead <= gx_sd2lead.cpp
In file included from jni/../plugin/gx_sd2lead.cpp:68:
jni/../dsp/sd2lead.cc:288:21: warning: variable length arrays in C++ are a Clang extension [-Wvla-cxx-extension]
  288 |         double zerostuffed[count*2];
      |                            ^~~~~~~
jni/../dsp/sd2lead.cc:288:21: note: function parameter 'count' with unknown value cannot be used in a constant expression
jni/../dsp/sd2lead.cc:276:37: note: declared here
  276 | void always_inline Dsp::compute(int count, FAUSTFLOAT *input0, FAUSTFLOAT *output0)
      |                                     ^
jni/../plugin/gx_sd2lead.cpp:317:1: warning: duplicate 'extern' declaration specifier [-Wduplicate-decl-specifier]
  317 | LV2_SYMBOL_EXPORT
      | ^
jni/../../lv2-headers/lv2.h:358:5: note: expanded from macro 'LV2_SYMBOL_EXPORT'
  358 |     LV2_SYMBOL_EXTERN __attribute__((visibility("default")))
      |     ^
jni/../../lv2-headers/lv2.h:345:29: note: expanded from macro 'LV2_SYMBOL_EXTERN'
  345 | #  define LV2_SYMBOL_EXTERN extern "C"
      |                             ^
In file included from jni/../plugin/gx_sd2lead.cpp:68:
jni/../dsp/sd2lead.cc:69:14: warning: private field 'fslider0' is not used [-Wunused-private-field]
   69 |         FAUSTFLOAT      fslider0;
      |                         ^
jni/../dsp/sd2lead.cc:98:14: warning: private field 'fslider1' is not used [-Wunused-private-field]
   98 |         FAUSTFLOAT      fslider1;
      |                         ^
jni/../dsp/sd2lead.cc:117:14: warning: private field 'fslider2' is not used [-Wunused-private-field]
  117 |         FAUSTFLOAT      fslider2;
      |                         ^
5 warnings generated.
[arm64-v8a] SharedLibrary  : libgx_sd2lead.so
[arm64-v8a] Install        : libgx_sd2lead.so => libs/arm64-v8a/libgx_sd2lead.so
  ✓ Success (4 .so files generated)
Building GxShakaTube.lv2...
Android NDK: APP_PLATFORM not set. Defaulting to minimum supported version android-21.    
[armeabi-v7a] Compile++ thumb: gx_shakatube <= gx_shakatube.cpp
jni/../plugin/gx_shakatube.cpp:270:18: warning: variable length arrays in C++ are a Clang extension [-Wvla-cxx-extension]
  270 |   FAUSTFLOAT buf[ReCount];
      |                  ^~~~~~~
jni/../plugin/gx_shakatube.cpp:270:18: note: read of non-const variable 'ReCount' is not allowed in a constant expression
jni/../plugin/gx_shakatube.cpp:266:12: note: declared here
  266 |   uint32_t ReCount = n_samples;
      |            ^
jni/../plugin/gx_shakatube.cpp:402:1: warning: duplicate 'extern' declaration specifier [-Wduplicate-decl-specifier]
  402 | LV2_SYMBOL_EXPORT
      | ^
jni/../../lv2-headers/lv2.h:358:5: note: expanded from macro 'LV2_SYMBOL_EXPORT'
  358 |     LV2_SYMBOL_EXTERN __attribute__((visibility("default")))
      |     ^
jni/../../lv2-headers/lv2.h:345:29: note: expanded from macro 'LV2_SYMBOL_EXTERN'
  345 | #  define LV2_SYMBOL_EXTERN extern "C"
      |                             ^
In file included from jni/../plugin/gx_shakatube.cpp:69:
In file included from jni/../dsp/zita-resampler-1.1.0/resampler.cc:25:
jni/../dsp/zita-resampler-1.1.0/zita-resampler/resampler.h:72:26: warning: private field '_dummy' is not used [-Wunused-private-field]
   72 |     void                *_dummy [8];
      |                          ^
In file included from jni/../plugin/gx_shakatube.cpp:72:
jni/../dsp/shakatube.cc:19:14: warning: private field 'fslider0' is not used [-Wunused-private-field]
   19 |         FAUSTFLOAT      fslider0;
      |                         ^
jni/../dsp/shakatube.cc:36:14: warning: private field 'fslider1' is not used [-Wunused-private-field]
   36 |         FAUSTFLOAT      fslider1;
      |                         ^
jni/../dsp/shakatube.cc:64:14: warning: private field 'fslider2' is not used [-Wunused-private-field]
   64 |         FAUSTFLOAT      fslider2;
      |                         ^
6 warnings generated.
[armeabi-v7a] SharedLibrary  : libgx_shakatube.so
[armeabi-v7a] Install        : libgx_shakatube.so => libs/armeabi-v7a/libgx_shakatube.so
[arm64-v8a] Compile++      : gx_shakatube <= gx_shakatube.cpp
jni/../plugin/gx_shakatube.cpp:270:18: warning: variable length arrays in C++ are a Clang extension [-Wvla-cxx-extension]
  270 |   FAUSTFLOAT buf[ReCount];
      |                  ^~~~~~~
jni/../plugin/gx_shakatube.cpp:270:18: note: read of non-const variable 'ReCount' is not allowed in a constant expression
jni/../plugin/gx_shakatube.cpp:266:12: note: declared here
  266 |   uint32_t ReCount = n_samples;
      |            ^
jni/../plugin/gx_shakatube.cpp:402:1: warning: duplicate 'extern' declaration specifier [-Wduplicate-decl-specifier]
  402 | LV2_SYMBOL_EXPORT
      | ^
jni/../../lv2-headers/lv2.h:358:5: note: expanded from macro 'LV2_SYMBOL_EXPORT'
  358 |     LV2_SYMBOL_EXTERN __attribute__((visibility("default")))
      |     ^
jni/../../lv2-headers/lv2.h:345:29: note: expanded from macro 'LV2_SYMBOL_EXTERN'
  345 | #  define LV2_SYMBOL_EXTERN extern "C"
      |                             ^
In file included from jni/../plugin/gx_shakatube.cpp:69:
In file included from jni/../dsp/zita-resampler-1.1.0/resampler.cc:25:
jni/../dsp/zita-resampler-1.1.0/zita-resampler/resampler.h:72:26: warning: private field '_dummy' is not used [-Wunused-private-field]
   72 |     void                *_dummy [8];
      |                          ^
In file included from jni/../plugin/gx_shakatube.cpp:72:
jni/../dsp/shakatube.cc:19:14: warning: private field 'fslider0' is not used [-Wunused-private-field]
   19 |         FAUSTFLOAT      fslider0;
      |                         ^
jni/../dsp/shakatube.cc:36:14: warning: private field 'fslider1' is not used [-Wunused-private-field]
   36 |         FAUSTFLOAT      fslider1;
      |                         ^
jni/../dsp/shakatube.cc:64:14: warning: private field 'fslider2' is not used [-Wunused-private-field]
   64 |         FAUSTFLOAT      fslider2;
      |                         ^
6 warnings generated.
[x86_64] Compile++      : gx_shakatube <= gx_shakatube.cpp
jni/../plugin/gx_shakatube.cpp:270:18: warning: variable length arrays in C++ are a Clang extension [-Wvla-cxx-extension]
  270 |   FAUSTFLOAT buf[ReCount];
      |                  ^~~~~~~
jni/../plugin/gx_shakatube.cpp:270:18: note: read of non-const variable 'ReCount' is not allowed in a constant expression
jni/../plugin/gx_shakatube.cpp:266:12: note: declared here
  266 |   uint32_t ReCount = n_samples;
      |            ^
jni/../plugin/gx_shakatube.cpp:402:1: warning: duplicate 'extern' declaration specifier [-Wduplicate-decl-specifier]
  402 | LV2_SYMBOL_EXPORT
      | ^
jni/../../lv2-headers/lv2.h:358:5: note: expanded from macro 'LV2_SYMBOL_EXPORT'
  358 |     LV2_SYMBOL_EXTERN __attribute__((visibility("default")))
      |     ^
jni/../../lv2-headers/lv2.h:345:29: note: expanded from macro 'LV2_SYMBOL_EXTERN'
  345 | #  define LV2_SYMBOL_EXTERN extern "C"
      |                             ^
In file included from jni/../plugin/gx_shakatube.cpp:69:
In file included from jni/../dsp/zita-resampler-1.1.0/resampler.cc:25:
jni/../dsp/zita-resampler-1.1.0/zita-resampler/resampler.h:72:26: warning: private field '_dummy' is not used [-Wunused-private-field]
   72 |     void                *_dummy [8];
      |                          ^
In file included from jni/../plugin/gx_shakatube.cpp:72:
jni/../dsp/shakatube.cc:19:14: warning: private field 'fslider0' is not used [-Wunused-private-field]
   19 |         FAUSTFLOAT      fslider0;
      |                         ^
jni/../dsp/shakatube.cc:36:14: warning: private field 'fslider1' is not used [-Wunused-private-field]
   36 |         FAUSTFLOAT      fslider1;
      |                         ^
jni/../dsp/shakatube.cc:64:14: warning: private field 'fslider2' is not used [-Wunused-private-field]
   64 |         FAUSTFLOAT      fslider2;
      |                         ^
6 warnings generated.
[arm64-v8a] SharedLibrary  : libgx_shakatube.so
[x86_64] SharedLibrary  : libgx_shakatube.so
[x86_64] Install        : libgx_shakatube.so => libs/x86_64/libgx_shakatube.so
[arm64-v8a] Install        : libgx_shakatube.so => libs/arm64-v8a/libgx_shakatube.so
[x86] Compile++      : gx_shakatube <= gx_shakatube.cpp
jni/../plugin/gx_shakatube.cpp:270:18: warning: variable length arrays in C++ are a Clang extension [-Wvla-cxx-extension]
  270 |   FAUSTFLOAT buf[ReCount];
      |                  ^~~~~~~
jni/../plugin/gx_shakatube.cpp:270:18: note: read of non-const variable 'ReCount' is not allowed in a constant expression
jni/../plugin/gx_shakatube.cpp:266:12: note: declared here
  266 |   uint32_t ReCount = n_samples;
      |            ^
jni/../plugin/gx_shakatube.cpp:402:1: warning: duplicate 'extern' declaration specifier [-Wduplicate-decl-specifier]
  402 | LV2_SYMBOL_EXPORT
      | ^
jni/../../lv2-headers/lv2.h:358:5: note: expanded from macro 'LV2_SYMBOL_EXPORT'
  358 |     LV2_SYMBOL_EXTERN __attribute__((visibility("default")))
      |     ^
jni/../../lv2-headers/lv2.h:345:29: note: expanded from macro 'LV2_SYMBOL_EXTERN'
  345 | #  define LV2_SYMBOL_EXTERN extern "C"
      |                             ^
In file included from jni/../plugin/gx_shakatube.cpp:69:
In file included from jni/../dsp/zita-resampler-1.1.0/resampler.cc:25:
jni/../dsp/zita-resampler-1.1.0/zita-resampler/resampler.h:72:26: warning: private field '_dummy' is not used [-Wunused-private-field]
   72 |     void                *_dummy [8];
      |                          ^
In file included from jni/../plugin/gx_shakatube.cpp:72:
jni/../dsp/shakatube.cc:19:14: warning: private field 'fslider0' is not used [-Wunused-private-field]
   19 |         FAUSTFLOAT      fslider0;
      |                         ^
jni/../dsp/shakatube.cc:36:14: warning: private field 'fslider1' is not used [-Wunused-private-field]
   36 |         FAUSTFLOAT      fslider1;
      |                         ^
jni/../dsp/shakatube.cc:64:14: warning: private field 'fslider2' is not used [-Wunused-private-field]
   64 |         FAUSTFLOAT      fslider2;
      |                         ^
6 warnings generated.
[x86] SharedLibrary  : libgx_shakatube.so
[x86] Install        : libgx_shakatube.so => libs/x86/libgx_shakatube.so
  ✓ Success (4 .so files generated)
Building GxSloopyBlue.lv2...
Android NDK: APP_PLATFORM not set. Defaulting to minimum supported version android-21.    
[armeabi-v7a] Compile++ thumb: gx_sloopyblue <= gx_sloopyblue.cpp
jni/../plugin/gx_sloopyblue.cpp:201:18: warning: variable length arrays in C++ are a Clang extension [-Wvla-cxx-extension]
  201 |   FAUSTFLOAT buf[n_samples];
      |                  ^~~~~~~~~
jni/../plugin/gx_sloopyblue.cpp:201:18: note: function parameter 'n_samples' with unknown value cannot be used in a constant expression
jni/../plugin/gx_sloopyblue.cpp:199:40: note: declared here
  199 | void Gx_sloopyblue_::run_dsp_(uint32_t n_samples)
      |                                        ^
jni/../plugin/gx_sloopyblue.cpp:345:1: warning: duplicate 'extern' declaration specifier [-Wduplicate-decl-specifier]
  345 | LV2_SYMBOL_EXPORT
      | ^
jni/../../lv2-headers/lv2.h:358:5: note: expanded from macro 'LV2_SYMBOL_EXPORT'
  358 |     LV2_SYMBOL_EXTERN __attribute__((visibility("default")))
      |     ^
jni/../../lv2-headers/lv2.h:345:29: note: expanded from macro 'LV2_SYMBOL_EXTERN'
  345 | #  define LV2_SYMBOL_EXTERN extern "C"
      |                             ^
In file included from jni/../plugin/gx_sloopyblue.cpp:72:
jni/../dsp/sloopyblue.cc:11:14: warning: private field 'fslider0' is not used [-Wunused-private-field]
   11 |         FAUSTFLOAT      fslider0;
      |                         ^
jni/../dsp/sloopyblue.cc:27:14: warning: private field 'fslider1' is not used [-Wunused-private-field]
   27 |         FAUSTFLOAT      fslider1;
      |                         ^
jni/../dsp/sloopyblue.cc:85:14: warning: private field 'fslider2' is not used [-Wunused-private-field]
   85 |         FAUSTFLOAT      fslider2;
      |                         ^
5 warnings generated.
[x86_64] Compile++      : gx_sloopyblue <= gx_sloopyblue.cpp
jni/../plugin/gx_sloopyblue.cpp:201:18: warning: variable length arrays in C++ are a Clang extension [-Wvla-cxx-extension]
  201 |   FAUSTFLOAT buf[n_samples];
      |                  ^~~~~~~~~
jni/../plugin/gx_sloopyblue.cpp:201:18: note: function parameter 'n_samples' with unknown value cannot be used in a constant expression
jni/../plugin/gx_sloopyblue.cpp:199:40: note: declared here
  199 | void Gx_sloopyblue_::run_dsp_(uint32_t n_samples)
      |                                        ^
jni/../plugin/gx_sloopyblue.cpp:345:1: warning: duplicate 'extern' declaration specifier [-Wduplicate-decl-specifier]
  345 | LV2_SYMBOL_EXPORT
      | ^
jni/../../lv2-headers/lv2.h:358:5: note: expanded from macro 'LV2_SYMBOL_EXPORT'
  358 |     LV2_SYMBOL_EXTERN __attribute__((visibility("default")))
      |     ^
jni/../../lv2-headers/lv2.h:345:29: note: expanded from macro 'LV2_SYMBOL_EXTERN'
  345 | #  define LV2_SYMBOL_EXTERN extern "C"
      |                             ^
In file included from jni/../plugin/gx_sloopyblue.cpp:72:
jni/../dsp/sloopyblue.cc:11:14: warning: private field 'fslider0' is not used [-Wunused-private-field]
   11 |         FAUSTFLOAT      fslider0;
      |                         ^
jni/../dsp/sloopyblue.cc:27:14: warning: private field 'fslider1' is not used [-Wunused-private-field]
   27 |         FAUSTFLOAT      fslider1;
      |                         ^
jni/../dsp/sloopyblue.cc:85:14: warning: private field 'fslider2' is not used [-Wunused-private-field]
   85 |         FAUSTFLOAT      fslider2;
      |                         ^
5 warnings generated.
[arm64-v8a] Compile++      : gx_sloopyblue <= gx_sloopyblue.cpp
jni/../plugin/gx_sloopyblue.cpp:201:18: warning: variable length arrays in C++ are a Clang extension [-Wvla-cxx-extension]
  201 |   FAUSTFLOAT buf[n_samples];
      |                  ^~~~~~~~~
jni/../plugin/gx_sloopyblue.cpp:201:18: note: function parameter 'n_samples' with unknown value cannot be used in a constant expression
jni/../plugin/gx_sloopyblue.cpp:199:40: note: declared here
  199 | void Gx_sloopyblue_::run_dsp_(uint32_t n_samples)
      |                                        ^
jni/../plugin/gx_sloopyblue.cpp:345:1: warning: duplicate 'extern' declaration specifier [-Wduplicate-decl-specifier]
  345 | LV2_SYMBOL_EXPORT
      | ^
jni/../../lv2-headers/lv2.h:358:5: note: expanded from macro 'LV2_SYMBOL_EXPORT'
  358 |     LV2_SYMBOL_EXTERN __attribute__((visibility("default")))
      |     ^
jni/../../lv2-headers/lv2.h:345:29: note: expanded from macro 'LV2_SYMBOL_EXTERN'
  345 | #  define LV2_SYMBOL_EXTERN extern "C"
      |                             ^
In file included from jni/../plugin/gx_sloopyblue.cpp:72:
jni/../dsp/sloopyblue.cc:11:14: warning: private field 'fslider0' is not used [-Wunused-private-field]
   11 |         FAUSTFLOAT      fslider0;
      |                         ^
jni/../dsp/sloopyblue.cc:27:14: warning: private field 'fslider1' is not used [-Wunused-private-field]
   27 |         FAUSTFLOAT      fslider1;
      |                         ^
jni/../dsp/sloopyblue.cc:85:14: warning: private field 'fslider2' is not used [-Wunused-private-field]
   85 |         FAUSTFLOAT      fslider2;
      |                         ^
5 warnings generated.
[armeabi-v7a] SharedLibrary  : libgx_sloopyblue.so
[x86_64] SharedLibrary  : libgx_sloopyblue.so
[armeabi-v7a] Install        : libgx_sloopyblue.so => libs/armeabi-v7a/libgx_sloopyblue.so
[x86_64] Install        : libgx_sloopyblue.so => libs/x86_64/libgx_sloopyblue.so
[arm64-v8a] SharedLibrary  : libgx_sloopyblue.so
[arm64-v8a] Install        : libgx_sloopyblue.so => libs/arm64-v8a/libgx_sloopyblue.so
[x86] Compile++      : gx_sloopyblue <= gx_sloopyblue.cpp
jni/../plugin/gx_sloopyblue.cpp:201:18: warning: variable length arrays in C++ are a Clang extension [-Wvla-cxx-extension]
  201 |   FAUSTFLOAT buf[n_samples];
      |                  ^~~~~~~~~
jni/../plugin/gx_sloopyblue.cpp:201:18: note: function parameter 'n_samples' with unknown value cannot be used in a constant expression
jni/../plugin/gx_sloopyblue.cpp:199:40: note: declared here
  199 | void Gx_sloopyblue_::run_dsp_(uint32_t n_samples)
      |                                        ^
jni/../plugin/gx_sloopyblue.cpp:345:1: warning: duplicate 'extern' declaration specifier [-Wduplicate-decl-specifier]
  345 | LV2_SYMBOL_EXPORT
      | ^
jni/../../lv2-headers/lv2.h:358:5: note: expanded from macro 'LV2_SYMBOL_EXPORT'
  358 |     LV2_SYMBOL_EXTERN __attribute__((visibility("default")))
      |     ^
jni/../../lv2-headers/lv2.h:345:29: note: expanded from macro 'LV2_SYMBOL_EXTERN'
  345 | #  define LV2_SYMBOL_EXTERN extern "C"
      |                             ^
In file included from jni/../plugin/gx_sloopyblue.cpp:72:
jni/../dsp/sloopyblue.cc:11:14: warning: private field 'fslider0' is not used [-Wunused-private-field]
   11 |         FAUSTFLOAT      fslider0;
      |                         ^
jni/../dsp/sloopyblue.cc:27:14: warning: private field 'fslider1' is not used [-Wunused-private-field]
   27 |         FAUSTFLOAT      fslider1;
      |                         ^
jni/../dsp/sloopyblue.cc:85:14: warning: private field 'fslider2' is not used [-Wunused-private-field]
   85 |         FAUSTFLOAT      fslider2;
      |                         ^
5 warnings generated.
[x86] SharedLibrary  : libgx_sloopyblue.so
[x86] Install        : libgx_sloopyblue.so => libs/x86/libgx_sloopyblue.so
  ✓ Success (4 .so files generated)
Building GxSlowGear.lv2...
Android NDK: APP_PLATFORM not set. Defaulting to minimum supported version android-21.    
[armeabi-v7a] Compile++ thumb: gx_slowgear <= gx_slowgear.cpp
jni/../plugin/gx_slowgear.cpp:251:1: warning: duplicate 'extern' declaration specifier [-Wduplicate-decl-specifier]
  251 | LV2_SYMBOL_EXPORT
      | ^
jni/../../lv2-headers/lv2.h:358:5: note: expanded from macro 'LV2_SYMBOL_EXPORT'
  358 |     LV2_SYMBOL_EXTERN __attribute__((visibility("default")))
      |     ^
jni/../../lv2-headers/lv2.h:345:29: note: expanded from macro 'LV2_SYMBOL_EXTERN'
  345 | #  define LV2_SYMBOL_EXTERN extern "C"
      |                             ^
In file included from jni/../plugin/gx_slowgear.cpp:68:
jni/../dsp/slowgear.cc:10:14: warning: private field 'fslider0' is not used [-Wunused-private-field]
   10 |         FAUSTFLOAT      fslider0;
      |                         ^
jni/../dsp/slowgear.cc:13:14: warning: private field 'fslider1' is not used [-Wunused-private-field]
   13 |         FAUSTFLOAT      fslider1;
      |                         ^
jni/../dsp/slowgear.cc:15:14: warning: private field 'fslider2' is not used [-Wunused-private-field]
   15 |         FAUSTFLOAT      fslider2;
      |                         ^
4 warnings generated.
[arm64-v8a] Compile++      : gx_slowgear <= gx_slowgear.cpp
jni/../plugin/gx_slowgear.cpp:251:1: warning: duplicate 'extern' declaration specifier [-Wduplicate-decl-specifier]
  251 | LV2_SYMBOL_EXPORT
      | ^
jni/../../lv2-headers/lv2.h:358:5: note: expanded from macro 'LV2_SYMBOL_EXPORT'
  358 |     LV2_SYMBOL_EXTERN __attribute__((visibility("default")))
      |     ^
jni/../../lv2-headers/lv2.h:345:29: note: expanded from macro 'LV2_SYMBOL_EXTERN'
  345 | #  define LV2_SYMBOL_EXTERN extern "C"
      |                             ^
In file included from jni/../plugin/gx_slowgear.cpp:68:
jni/../dsp/slowgear.cc:10:14: warning: private field 'fslider0' is not used [-Wunused-private-field]
   10 |         FAUSTFLOAT      fslider0;
      |                         ^
jni/../dsp/slowgear.cc:13:14: warning: private field 'fslider1' is not used [-Wunused-private-field]
   13 |         FAUSTFLOAT      fslider1;
      |                         ^
jni/../dsp/slowgear.cc:15:14: warning: private field 'fslider2' is not used [-Wunused-private-field]
   15 |         FAUSTFLOAT      fslider2;
      |                         ^
4 warnings generated.
[armeabi-v7a] SharedLibrary  : libgx_slowgear.so
[arm64-v8a] SharedLibrary  : libgx_slowgear.so
[armeabi-v7a] Install        : libgx_slowgear.so => libs/armeabi-v7a/libgx_slowgear.so
[arm64-v8a] Install        : libgx_slowgear.so => libs/arm64-v8a/libgx_slowgear.so
[x86] Compile++      : gx_slowgear <= gx_slowgear.cpp
jni/../plugin/gx_slowgear.cpp:251:1: warning: duplicate 'extern' declaration specifier [-Wduplicate-decl-specifier]
  251 | LV2_SYMBOL_EXPORT
      | ^
jni/../../lv2-headers/lv2.h:358:5: note: expanded from macro 'LV2_SYMBOL_EXPORT'
  358 |     LV2_SYMBOL_EXTERN __attribute__((visibility("default")))
      |     ^
jni/../../lv2-headers/lv2.h:345:29: note: expanded from macro 'LV2_SYMBOL_EXTERN'
  345 | #  define LV2_SYMBOL_EXTERN extern "C"
      |                             ^
In file included from jni/../plugin/gx_slowgear.cpp:68:
jni/../dsp/slowgear.cc:10:14: warning: private field 'fslider0' is not used [-Wunused-private-field]
   10 |         FAUSTFLOAT      fslider0;
      |                         ^
jni/../dsp/slowgear.cc:13:14: warning: private field 'fslider1' is not used [-Wunused-private-field]
   13 |         FAUSTFLOAT      fslider1;
      |                         ^
jni/../dsp/slowgear.cc:15:14: warning: private field 'fslider2' is not used [-Wunused-private-field]
   15 |         FAUSTFLOAT      fslider2;
      |                         ^
4 warnings generated.
[x86] SharedLibrary  : libgx_slowgear.so
[x86] Install        : libgx_slowgear.so => libs/x86/libgx_slowgear.so
[x86_64] Compile++      : gx_slowgear <= gx_slowgear.cpp
jni/../plugin/gx_slowgear.cpp:251:1: warning: duplicate 'extern' declaration specifier [-Wduplicate-decl-specifier]
  251 | LV2_SYMBOL_EXPORT
      | ^
jni/../../lv2-headers/lv2.h:358:5: note: expanded from macro 'LV2_SYMBOL_EXPORT'
  358 |     LV2_SYMBOL_EXTERN __attribute__((visibility("default")))
      |     ^
jni/../../lv2-headers/lv2.h:345:29: note: expanded from macro 'LV2_SYMBOL_EXTERN'
  345 | #  define LV2_SYMBOL_EXTERN extern "C"
      |                             ^
In file included from jni/../plugin/gx_slowgear.cpp:68:
jni/../dsp/slowgear.cc:10:14: warning: private field 'fslider0' is not used [-Wunused-private-field]
   10 |         FAUSTFLOAT      fslider0;
      |                         ^
jni/../dsp/slowgear.cc:13:14: warning: private field 'fslider1' is not used [-Wunused-private-field]
   13 |         FAUSTFLOAT      fslider1;
      |                         ^
jni/../dsp/slowgear.cc:15:14: warning: private field 'fslider2' is not used [-Wunused-private-field]
   15 |         FAUSTFLOAT      fslider2;
      |                         ^
4 warnings generated.
[x86_64] SharedLibrary  : libgx_slowgear.so
[x86_64] Install        : libgx_slowgear.so => libs/x86_64/libgx_slowgear.so
  ✓ Success (4 .so files generated)
Building GxSunFace.lv2...
Android NDK: APP_PLATFORM not set. Defaulting to minimum supported version android-21.    
[armeabi-v7a] Compile++ thumb: gx_SunFace <= gx_SunFace.cpp
jni/../plugin/gx_SunFace.cpp:317:1: warning: duplicate 'extern' declaration specifier [-Wduplicate-decl-specifier]
  317 | LV2_SYMBOL_EXPORT
      | ^
jni/../../lv2-headers/lv2.h:358:5: note: expanded from macro 'LV2_SYMBOL_EXPORT'
  358 |     LV2_SYMBOL_EXTERN __attribute__((visibility("default")))
      |     ^
jni/../../lv2-headers/lv2.h:345:29: note: expanded from macro 'LV2_SYMBOL_EXTERN'
  345 | #  define LV2_SYMBOL_EXTERN extern "C"
      |                             ^
In file included from jni/../plugin/gx_SunFace.cpp:68:
jni/../dsp/SunFace.cc:58:14: warning: private field 'fslider0' is not used [-Wunused-private-field]
   58 |         FAUSTFLOAT      fslider0;
      |                         ^
jni/../dsp/SunFace.cc:73:14: warning: private field 'fslider1' is not used [-Wunused-private-field]
   73 |         FAUSTFLOAT      fslider1;
      |                         ^
jni/../dsp/SunFace.cc:114:14: warning: private field 'fslider2' is not used [-Wunused-private-field]
  114 |         FAUSTFLOAT      fslider2;
      |                         ^
4 warnings generated.
[x86_64] Compile++      : gx_SunFace <= gx_SunFace.cpp
jni/../plugin/gx_SunFace.cpp:317:1: warning: duplicate 'extern' declaration specifier [-Wduplicate-decl-specifier]
  317 | LV2_SYMBOL_EXPORT
      | ^
jni/../../lv2-headers/lv2.h:358:5: note: expanded from macro 'LV2_SYMBOL_EXPORT'
  358 |     LV2_SYMBOL_EXTERN __attribute__((visibility("default")))
      |     ^
jni/../../lv2-headers/lv2.h:345:29: note: expanded from macro 'LV2_SYMBOL_EXTERN'
  345 | #  define LV2_SYMBOL_EXTERN extern "C"
      |                             ^
In file included from jni/../plugin/gx_SunFace.cpp:68:
jni/../dsp/SunFace.cc:58:14: warning: private field 'fslider0' is not used [-Wunused-private-field]
   58 |         FAUSTFLOAT      fslider0;
      |                         ^
jni/../dsp/SunFace.cc:73:14: warning: private field 'fslider1' is not used [-Wunused-private-field]
   73 |         FAUSTFLOAT      fslider1;
      |                         ^
jni/../dsp/SunFace.cc:114:14: warning: private field 'fslider2' is not used [-Wunused-private-field]
  114 |         FAUSTFLOAT      fslider2;
      |                         ^
4 warnings generated.
[armeabi-v7a] SharedLibrary  : libgx_SunFace.so
[armeabi-v7a] Install        : libgx_SunFace.so => libs/armeabi-v7a/libgx_SunFace.so
[arm64-v8a] Compile++      : gx_SunFace <= gx_SunFace.cpp
jni/../plugin/gx_SunFace.cpp:317:1: warning: duplicate 'extern' declaration specifier [-Wduplicate-decl-specifier]
  317 | LV2_SYMBOL_EXPORT
      | ^
jni/../../lv2-headers/lv2.h:358:5: note: expanded from macro 'LV2_SYMBOL_EXPORT'
  358 |     LV2_SYMBOL_EXTERN __attribute__((visibility("default")))
      |     ^
jni/../../lv2-headers/lv2.h:345:29: note: expanded from macro 'LV2_SYMBOL_EXTERN'
  345 | #  define LV2_SYMBOL_EXTERN extern "C"
      |                             ^
In file included from jni/../plugin/gx_SunFace.cpp:68:
jni/../dsp/SunFace.cc:58:14: warning: private field 'fslider0' is not used [-Wunused-private-field]
   58 |         FAUSTFLOAT      fslider0;
      |                         ^
jni/../dsp/SunFace.cc:73:14: warning: private field 'fslider1' is not used [-Wunused-private-field]
   73 |         FAUSTFLOAT      fslider1;
      |                         ^
jni/../dsp/SunFace.cc:114:14: warning: private field 'fslider2' is not used [-Wunused-private-field]
  114 |         FAUSTFLOAT      fslider2;
      |                         ^
4 warnings generated.
[x86_64] SharedLibrary  : libgx_SunFace.so
[x86_64] Install        : libgx_SunFace.so => libs/x86_64/libgx_SunFace.so
[arm64-v8a] SharedLibrary  : libgx_SunFace.so
[x86] Compile++      : gx_SunFace <= gx_SunFace.cpp
jni/../plugin/gx_SunFace.cpp:317:1: warning: duplicate 'extern' declaration specifier [-Wduplicate-decl-specifier]
  317 | LV2_SYMBOL_EXPORT
      | ^
jni/../../lv2-headers/lv2.h:358:5: note: expanded from macro 'LV2_SYMBOL_EXPORT'
  358 |     LV2_SYMBOL_EXTERN __attribute__((visibility("default")))
      |     ^
jni/../../lv2-headers/lv2.h:345:29: note: expanded from macro 'LV2_SYMBOL_EXTERN'
  345 | #  define LV2_SYMBOL_EXTERN extern "C"
      |                             ^
In file included from jni/../plugin/gx_SunFace.cpp:68:
jni/../dsp/SunFace.cc:58:14: warning: private field 'fslider0' is not used [-Wunused-private-field]
   58 |         FAUSTFLOAT      fslider0;
      |                         ^
jni/../dsp/SunFace.cc:73:14: warning: private field 'fslider1' is not used [-Wunused-private-field]
   73 |         FAUSTFLOAT      fslider1;
      |                         ^
jni/../dsp/SunFace.cc:114:14: warning: private field 'fslider2' is not used [-Wunused-private-field]
  114 |         FAUSTFLOAT      fslider2;
      |                         ^
4 warnings generated.
[arm64-v8a] Install        : libgx_SunFace.so => libs/arm64-v8a/libgx_SunFace.so
[x86] SharedLibrary  : libgx_SunFace.so
[x86] Install        : libgx_SunFace.so => libs/x86/libgx_SunFace.so
  ✓ Success (4 .so files generated)
Building GxSuperFuzz.lv2...
Android NDK: APP_PLATFORM not set. Defaulting to minimum supported version android-21.    
[armeabi-v7a] Compile++ thumb: gx_sfp <= gx_sfp.cpp
In file included from jni/../plugin/gx_sfp.cpp:73:
jni/../dsp/sfp_clip.cc:223:15: warning: variable length arrays in C++ are a Clang extension [-Wvla-cxx-extension]
  223 |     float buf[rescount];
      |               ^~~~~~~~
jni/../dsp/sfp_clip.cc:223:15: note: read of non-const variable 'rescount' is not allowed in a constant expression
jni/../dsp/sfp_clip.cc:222:9: note: declared here
  222 |     int rescount = res.get_max_out_size(count);
      |         ^
jni/../plugin/gx_sfp.cpp:271:18: warning: variable length arrays in C++ are a Clang extension [-Wvla-cxx-extension]
  271 |   FAUSTFLOAT buf[ReCount];
      |                  ^~~~~~~
jni/../plugin/gx_sfp.cpp:271:18: note: read of non-const variable 'ReCount' is not allowed in a constant expression
jni/../plugin/gx_sfp.cpp:267:12: note: declared here
  267 |   uint32_t ReCount = n_samples;
      |            ^
jni/../plugin/gx_sfp.cpp:367:1: warning: duplicate 'extern' declaration specifier [-Wduplicate-decl-specifier]
  367 | LV2_SYMBOL_EXPORT
      | ^
jni/../../lv2-headers/lv2.h:358:5: note: expanded from macro 'LV2_SYMBOL_EXPORT'
  358 |     LV2_SYMBOL_EXTERN __attribute__((visibility("default")))
      |     ^
jni/../../lv2-headers/lv2.h:345:29: note: expanded from macro 'LV2_SYMBOL_EXTERN'
  345 | #  define LV2_SYMBOL_EXTERN extern "C"
      |                             ^
In file included from jni/../plugin/gx_sfp.cpp:69:
In file included from jni/../dsp/zita-resampler-1.1.0/resampler.cc:25:
jni/../dsp/zita-resampler-1.1.0/zita-resampler/resampler.h:72:26: warning: private field '_dummy' is not used [-Wunused-private-field]
   72 |     void                *_dummy [8];
      |                          ^
In file included from jni/../plugin/gx_sfp.cpp:72:
jni/../dsp/sfp_p1.cc:10:14: warning: private field 'fslider0' is not used [-Wunused-private-field]
   10 |         FAUSTFLOAT      fslider0;
      |                         ^
jni/../dsp/sfp_p1.cc:68:14: warning: private field 'fslider1' is not used [-Wunused-private-field]
   68 |         FAUSTFLOAT      fslider1;
      |                         ^
In file included from jni/../plugin/gx_sfp.cpp:73:
jni/../dsp/sfp_clip.cc:142:14: warning: private field 'fslider0' is not used [-Wunused-private-field]
  142 |         FAUSTFLOAT      fslider0;
      |                         ^
In file included from jni/../plugin/gx_sfp.cpp:74:
jni/../dsp/sfp_p2.cc:10:14: warning: private field 'fslider0' is not used [-Wunused-private-field]
   10 |         FAUSTFLOAT      fslider0;
      |                         ^
jni/../dsp/sfp_p2.cc:61:14: warning: private field 'fslider1' is not used [-Wunused-private-field]
   61 |         FAUSTFLOAT      fslider1;
      |                         ^
9 warnings generated.
[x86] Compile++      : gx_sfp <= gx_sfp.cpp
In file included from jni/../plugin/gx_sfp.cpp:73:
jni/../dsp/sfp_clip.cc:223:15: warning: variable length arrays in C++ are a Clang extension [-Wvla-cxx-extension]
  223 |     float buf[rescount];
      |               ^~~~~~~~
jni/../dsp/sfp_clip.cc:223:15: note: read of non-const variable 'rescount' is not allowed in a constant expression
jni/../dsp/sfp_clip.cc:222:9: note: declared here
  222 |     int rescount = res.get_max_out_size(count);
      |         ^
jni/../plugin/gx_sfp.cpp:271:18: warning: variable length arrays in C++ are a Clang extension [-Wvla-cxx-extension]
  271 |   FAUSTFLOAT buf[ReCount];
      |                  ^~~~~~~
jni/../plugin/gx_sfp.cpp:271:18: note: read of non-const variable 'ReCount' is not allowed in a constant expression
jni/../plugin/gx_sfp.cpp:267:12: note: declared here
  267 |   uint32_t ReCount = n_samples;
      |            ^
jni/../plugin/gx_sfp.cpp:367:1: warning: duplicate 'extern' declaration specifier [-Wduplicate-decl-specifier]
  367 | LV2_SYMBOL_EXPORT
      | ^
jni/../../lv2-headers/lv2.h:358:5: note: expanded from macro 'LV2_SYMBOL_EXPORT'
  358 |     LV2_SYMBOL_EXTERN __attribute__((visibility("default")))
      |     ^
jni/../../lv2-headers/lv2.h:345:29: note: expanded from macro 'LV2_SYMBOL_EXTERN'
  345 | #  define LV2_SYMBOL_EXTERN extern "C"
      |                             ^
In file included from jni/../plugin/gx_sfp.cpp:69:
In file included from jni/../dsp/zita-resampler-1.1.0/resampler.cc:25:
jni/../dsp/zita-resampler-1.1.0/zita-resampler/resampler.h:72:26: warning: private field '_dummy' is not used [-Wunused-private-field]
   72 |     void                *_dummy [8];
      |                          ^
In file included from jni/../plugin/gx_sfp.cpp:72:
jni/../dsp/sfp_p1.cc:10:14: warning: private field 'fslider0' is not used [-Wunused-private-field]
   10 |         FAUSTFLOAT      fslider0;
      |                         ^
jni/../dsp/sfp_p1.cc:68:14: warning: private field 'fslider1' is not used [-Wunused-private-field]
   68 |         FAUSTFLOAT      fslider1;
      |                         ^
In file included from jni/../plugin/gx_sfp.cpp:73:
jni/../dsp/sfp_clip.cc:142:14: warning: private field 'fslider0' is not used [-Wunused-private-field]
  142 |         FAUSTFLOAT      fslider0;
      |                         ^
In file included from jni/../plugin/gx_sfp.cpp:74:
jni/../dsp/sfp_p2.cc:10:14: warning: private field 'fslider0' is not used [-Wunused-private-field]
   10 |         FAUSTFLOAT      fslider0;
      |                         ^
jni/../dsp/sfp_p2.cc:61:14: warning: private field 'fslider1' is not used [-Wunused-private-field]
   61 |         FAUSTFLOAT      fslider1;
      |                         ^
9 warnings generated.
[armeabi-v7a] SharedLibrary  : libgx_sfp.so
[x86] SharedLibrary  : libgx_sfp.so
[armeabi-v7a] Install        : libgx_sfp.so => libs/armeabi-v7a/libgx_sfp.so
[x86_64] Compile++      : gx_sfp <= gx_sfp.cpp
In file included from jni/../plugin/gx_sfp.cpp:73:
jni/../dsp/sfp_clip.cc:223:15: warning: variable length arrays in C++ are a Clang extension [-Wvla-cxx-extension]
  223 |     float buf[rescount];
      |               ^~~~~~~~
jni/../dsp/sfp_clip.cc:223:15: note: read of non-const variable 'rescount' is not allowed in a constant expression
jni/../dsp/sfp_clip.cc:222:9: note: declared here
  222 |     int rescount = res.get_max_out_size(count);
      |         ^
jni/../plugin/gx_sfp.cpp:271:18: warning: variable length arrays in C++ are a Clang extension [-Wvla-cxx-extension]
  271 |   FAUSTFLOAT buf[ReCount];
      |                  ^~~~~~~
jni/../plugin/gx_sfp.cpp:271:18: note: read of non-const variable 'ReCount' is not allowed in a constant expression
jni/../plugin/gx_sfp.cpp:267:12: note: declared here
  267 |   uint32_t ReCount = n_samples;
      |            ^
jni/../plugin/gx_sfp.cpp:367:1: warning: duplicate 'extern' declaration specifier [-Wduplicate-decl-specifier]
  367 | LV2_SYMBOL_EXPORT
      | ^
jni/../../lv2-headers/lv2.h:358:5: note: expanded from macro 'LV2_SYMBOL_EXPORT'
  358 |     LV2_SYMBOL_EXTERN __attribute__((visibility("default")))
      |     ^
jni/../../lv2-headers/lv2.h:345:29: note: expanded from macro 'LV2_SYMBOL_EXTERN'
  345 | #  define LV2_SYMBOL_EXTERN extern "C"
      |                             ^
In file included from jni/../plugin/gx_sfp.cpp:69:
In file included from jni/../dsp/zita-resampler-1.1.0/resampler.cc:25:
jni/../dsp/zita-resampler-1.1.0/zita-resampler/resampler.h:72:26: warning: private field '_dummy' is not used [-Wunused-private-field]
   72 |     void                *_dummy [8];
      |                          ^
In file included from jni/../plugin/gx_sfp.cpp:72:
jni/../dsp/sfp_p1.cc:10:14: warning: private field 'fslider0' is not used [-Wunused-private-field]
   10 |         FAUSTFLOAT      fslider0;
      |                         ^
jni/../dsp/sfp_p1.cc:68:14: warning: private field 'fslider1' is not used [-Wunused-private-field]
   68 |         FAUSTFLOAT      fslider1;
      |                         ^
In file included from jni/../plugin/gx_sfp.cpp:73:
jni/../dsp/sfp_clip.cc:142:14: warning: private field 'fslider0' is not used [-Wunused-private-field]
  142 |         FAUSTFLOAT      fslider0;
      |                         ^
In file included from jni/../plugin/gx_sfp.cpp:74:
jni/../dsp/sfp_p2.cc:10:14: warning: private field 'fslider0' is not used [-Wunused-private-field]
   10 |         FAUSTFLOAT      fslider0;
      |                         ^
jni/../dsp/sfp_p2.cc:61:14: warning: private field 'fslider1' is not used [-Wunused-private-field]
   61 |         FAUSTFLOAT      fslider1;
      |                         ^
9 warnings generated.
[x86] Install        : libgx_sfp.so => libs/x86/libgx_sfp.so
[arm64-v8a] Compile++      : gx_sfp <= gx_sfp.cpp
In file included from jni/../plugin/gx_sfp.cpp:73:
jni/../dsp/sfp_clip.cc:223:15: warning: variable length arrays in C++ are a Clang extension [-Wvla-cxx-extension]
  223 |     float buf[rescount];
      |               ^~~~~~~~
jni/../dsp/sfp_clip.cc:223:15: note: read of non-const variable 'rescount' is not allowed in a constant expression
jni/../dsp/sfp_clip.cc:222:9: note: declared here
  222 |     int rescount = res.get_max_out_size(count);
      |         ^
jni/../plugin/gx_sfp.cpp:271:18: warning: variable length arrays in C++ are a Clang extension [-Wvla-cxx-extension]
  271 |   FAUSTFLOAT buf[ReCount];
      |                  ^~~~~~~
jni/../plugin/gx_sfp.cpp:271:18: note: read of non-const variable 'ReCount' is not allowed in a constant expression
jni/../plugin/gx_sfp.cpp:267:12: note: declared here
  267 |   uint32_t ReCount = n_samples;
      |            ^
jni/../plugin/gx_sfp.cpp:367:1: warning: duplicate 'extern' declaration specifier [-Wduplicate-decl-specifier]
  367 | LV2_SYMBOL_EXPORT
      | ^
jni/../../lv2-headers/lv2.h:358:5: note: expanded from macro 'LV2_SYMBOL_EXPORT'
  358 |     LV2_SYMBOL_EXTERN __attribute__((visibility("default")))
      |     ^
jni/../../lv2-headers/lv2.h:345:29: note: expanded from macro 'LV2_SYMBOL_EXTERN'
  345 | #  define LV2_SYMBOL_EXTERN extern "C"
      |                             ^
In file included from jni/../plugin/gx_sfp.cpp:69:
In file included from jni/../dsp/zita-resampler-1.1.0/resampler.cc:25:
jni/../dsp/zita-resampler-1.1.0/zita-resampler/resampler.h:72:26: warning: private field '_dummy' is not used [-Wunused-private-field]
   72 |     void                *_dummy [8];
      |                          ^
In file included from jni/../plugin/gx_sfp.cpp:72:
jni/../dsp/sfp_p1.cc:10:14: warning: private field 'fslider0' is not used [-Wunused-private-field]
   10 |         FAUSTFLOAT      fslider0;
      |                         ^
jni/../dsp/sfp_p1.cc:68:14: warning: private field 'fslider1' is not used [-Wunused-private-field]
   68 |         FAUSTFLOAT      fslider1;
      |                         ^
In file included from jni/../plugin/gx_sfp.cpp:73:
jni/../dsp/sfp_clip.cc:142:14: warning: private field 'fslider0' is not used [-Wunused-private-field]
  142 |         FAUSTFLOAT      fslider0;
      |                         ^
In file included from jni/../plugin/gx_sfp.cpp:74:
jni/../dsp/sfp_p2.cc:10:14: warning: private field 'fslider0' is not used [-Wunused-private-field]
   10 |         FAUSTFLOAT      fslider0;
      |                         ^
jni/../dsp/sfp_p2.cc:61:14: warning: private field 'fslider1' is not used [-Wunused-private-field]
   61 |         FAUSTFLOAT      fslider1;
      |                         ^
9 warnings generated.
[x86_64] SharedLibrary  : libgx_sfp.so
[x86_64] Install        : libgx_sfp.so => libs/x86_64/libgx_sfp.so
[arm64-v8a] SharedLibrary  : libgx_sfp.so
[arm64-v8a] Install        : libgx_sfp.so => libs/arm64-v8a/libgx_sfp.so
  ✓ Success (4 .so files generated)
Building GxSupersonic.lv2...
Android NDK: APP_PLATFORM not set. Defaulting to minimum supported version android-21.    
[x86] Compile++      : gx_supersonic <= gx_supersonic.cpp
jni/../plugin/gx_supersonic.cpp:197:18: warning: variable length arrays in C++ are a Clang extension [-Wvla-cxx-extension]
  197 |   FAUSTFLOAT buf[n_samples];
      |                  ^~~~~~~~~
jni/../plugin/gx_supersonic.cpp:197:18: note: function parameter 'n_samples' with unknown value cannot be used in a constant expression
jni/../plugin/gx_supersonic.cpp:195:40: note: declared here
  195 | void Gx_supersonic_::run_dsp_(uint32_t n_samples)
      |                                        ^
jni/../plugin/gx_supersonic.cpp:341:1: warning: duplicate 'extern' declaration specifier [-Wduplicate-decl-specifier]
  341 | LV2_SYMBOL_EXPORT
      | ^
jni/../../lv2-headers/lv2.h:358:5: note: expanded from macro 'LV2_SYMBOL_EXPORT'
  358 |     LV2_SYMBOL_EXTERN __attribute__((visibility("default")))
      |     ^
jni/../../lv2-headers/lv2.h:345:29: note: expanded from macro 'LV2_SYMBOL_EXTERN'
  345 | #  define LV2_SYMBOL_EXTERN extern "C"
      |                             ^
In file included from jni/../plugin/gx_supersonic.cpp:68:
jni/../dsp/supersonic.cc:27:14: warning: private field 'fslider0' is not used [-Wunused-private-field]
   27 |         FAUSTFLOAT      fslider0;
      |                         ^
jni/../dsp/supersonic.cc:48:14: warning: private field 'fslider1' is not used [-Wunused-private-field]
   48 |         FAUSTFLOAT      fslider1;
      |                         ^
jni/../dsp/supersonic.cc:57:14: warning: private field 'fslider2' is not used [-Wunused-private-field]
   57 |         FAUSTFLOAT      fslider2;
      |                         ^
jni/../dsp/supersonic.cc:163:14: warning: private field 'fslider3' is not used [-Wunused-private-field]
  163 |         FAUSTFLOAT      fslider3;
      |                         ^
6 warnings generated.
[x86_64] Compile++      : gx_supersonic <= gx_supersonic.cpp
jni/../plugin/gx_supersonic.cpp:197:18: warning: variable length arrays in C++ are a Clang extension [-Wvla-cxx-extension]
  197 |   FAUSTFLOAT buf[n_samples];
      |                  ^~~~~~~~~
jni/../plugin/gx_supersonic.cpp:197:18: note: function parameter 'n_samples' with unknown value cannot be used in a constant expression
jni/../plugin/gx_supersonic.cpp:195:40: note: declared here
  195 | void Gx_supersonic_::run_dsp_(uint32_t n_samples)
      |                                        ^
jni/../plugin/gx_supersonic.cpp:341:1: warning: duplicate 'extern' declaration specifier [-Wduplicate-decl-specifier]
  341 | LV2_SYMBOL_EXPORT
      | ^
jni/../../lv2-headers/lv2.h:358:5: note: expanded from macro 'LV2_SYMBOL_EXPORT'
  358 |     LV2_SYMBOL_EXTERN __attribute__((visibility("default")))
      |     ^
jni/../../lv2-headers/lv2.h:345:29: note: expanded from macro 'LV2_SYMBOL_EXTERN'
  345 | #  define LV2_SYMBOL_EXTERN extern "C"
      |                             ^
In file included from jni/../plugin/gx_supersonic.cpp:68:
jni/../dsp/supersonic.cc:27:14: warning: private field 'fslider0' is not used [-Wunused-private-field]
   27 |         FAUSTFLOAT      fslider0;
      |                         ^
jni/../dsp/supersonic.cc:48:14: warning: private field 'fslider1' is not used [-Wunused-private-field]
   48 |         FAUSTFLOAT      fslider1;
      |                         ^
jni/../dsp/supersonic.cc:57:14: warning: private field 'fslider2' is not used [-Wunused-private-field]
   57 |         FAUSTFLOAT      fslider2;
      |                         ^
jni/../dsp/supersonic.cc:163:14: warning: private field 'fslider3' is not used [-Wunused-private-field]
  163 |         FAUSTFLOAT      fslider3;
      |                         ^
6 warnings generated.
[x86_64] SharedLibrary  : libgx_supersonic.so
[x86] SharedLibrary  : libgx_supersonic.so
[x86] Install        : libgx_supersonic.so => libs/x86/libgx_supersonic.so
[x86_64] Install        : libgx_supersonic.so => libs/x86_64/libgx_supersonic.so
[arm64-v8a] Compile++      : gx_supersonic <= gx_supersonic.cpp
jni/../plugin/gx_supersonic.cpp:197:18: warning: variable length arrays in C++ are a Clang extension [-Wvla-cxx-extension]
  197 |   FAUSTFLOAT buf[n_samples];
      |                  ^~~~~~~~~
jni/../plugin/gx_supersonic.cpp:197:18: note: function parameter 'n_samples' with unknown value cannot be used in a constant expression
jni/../plugin/gx_supersonic.cpp:195:40: note: declared here
  195 | void Gx_supersonic_::run_dsp_(uint32_t n_samples)
      |                                        ^
jni/../plugin/gx_supersonic.cpp:341:1: warning: duplicate 'extern' declaration specifier [-Wduplicate-decl-specifier]
  341 | LV2_SYMBOL_EXPORT
      | ^
jni/../../lv2-headers/lv2.h:358:5: note: expanded from macro 'LV2_SYMBOL_EXPORT'
  358 |     LV2_SYMBOL_EXTERN __attribute__((visibility("default")))
      |     ^
jni/../../lv2-headers/lv2.h:345:29: note: expanded from macro 'LV2_SYMBOL_EXTERN'
  345 | #  define LV2_SYMBOL_EXTERN extern "C"
      |                             ^
In file included from jni/../plugin/gx_supersonic.cpp:68:
jni/../dsp/supersonic.cc:27:14: warning: private field 'fslider0' is not used [-Wunused-private-field]
   27 |         FAUSTFLOAT      fslider0;
      |                         ^
jni/../dsp/supersonic.cc:48:14: warning: private field 'fslider1' is not used [-Wunused-private-field]
   48 |         FAUSTFLOAT      fslider1;
      |                         ^
jni/../dsp/supersonic.cc:57:14: warning: private field 'fslider2' is not used [-Wunused-private-field]
   57 |         FAUSTFLOAT      fslider2;
      |                         ^
jni/../dsp/supersonic.cc:163:14: warning: private field 'fslider3' is not used [-Wunused-private-field]
  163 |         FAUSTFLOAT      fslider3;
      |                         ^
6 warnings generated.
[arm64-v8a] SharedLibrary  : libgx_supersonic.so
[arm64-v8a] Install        : libgx_supersonic.so => libs/arm64-v8a/libgx_supersonic.so
[armeabi-v7a] Compile++ thumb: gx_supersonic <= gx_supersonic.cpp
jni/../plugin/gx_supersonic.cpp:197:18: warning: variable length arrays in C++ are a Clang extension [-Wvla-cxx-extension]
  197 |   FAUSTFLOAT buf[n_samples];
      |                  ^~~~~~~~~
jni/../plugin/gx_supersonic.cpp:197:18: note: function parameter 'n_samples' with unknown value cannot be used in a constant expression
jni/../plugin/gx_supersonic.cpp:195:40: note: declared here
  195 | void Gx_supersonic_::run_dsp_(uint32_t n_samples)
      |                                        ^
jni/../plugin/gx_supersonic.cpp:341:1: warning: duplicate 'extern' declaration specifier [-Wduplicate-decl-specifier]
  341 | LV2_SYMBOL_EXPORT
      | ^
jni/../../lv2-headers/lv2.h:358:5: note: expanded from macro 'LV2_SYMBOL_EXPORT'
  358 |     LV2_SYMBOL_EXTERN __attribute__((visibility("default")))
      |     ^
jni/../../lv2-headers/lv2.h:345:29: note: expanded from macro 'LV2_SYMBOL_EXTERN'
  345 | #  define LV2_SYMBOL_EXTERN extern "C"
      |                             ^
In file included from jni/../plugin/gx_supersonic.cpp:68:
jni/../dsp/supersonic.cc:27:14: warning: private field 'fslider0' is not used [-Wunused-private-field]
   27 |         FAUSTFLOAT      fslider0;
      |                         ^
jni/../dsp/supersonic.cc:48:14: warning: private field 'fslider1' is not used [-Wunused-private-field]
   48 |         FAUSTFLOAT      fslider1;
      |                         ^
jni/../dsp/supersonic.cc:57:14: warning: private field 'fslider2' is not used [-Wunused-private-field]
   57 |         FAUSTFLOAT      fslider2;
      |                         ^
jni/../dsp/supersonic.cc:163:14: warning: private field 'fslider3' is not used [-Wunused-private-field]
  163 |         FAUSTFLOAT      fslider3;
      |                         ^
6 warnings generated.
[armeabi-v7a] SharedLibrary  : libgx_supersonic.so
[armeabi-v7a] Install        : libgx_supersonic.so => libs/armeabi-v7a/libgx_supersonic.so
  ✓ Success (4 .so files generated)
Building GxSuppaToneBender.lv2...
Android NDK: APP_PLATFORM not set. Defaulting to minimum supported version android-21.    
[armeabi-v7a] Compile++ thumb: gx_vstb <= gx_vstb.cpp
In file included from jni/../plugin/gx_vstb.cpp:73:
jni/../dsp/vstb_clip.cc:205:15: warning: variable length arrays in C++ are a Clang extension [-Wvla-cxx-extension]
  205 |     float buf[rescount];
      |               ^~~~~~~~
jni/../dsp/vstb_clip.cc:205:15: note: read of non-const variable 'rescount' is not allowed in a constant expression
jni/../dsp/vstb_clip.cc:204:9: note: declared here
  204 |     int rescount = res.get_max_out_size(count);
      |         ^
jni/../plugin/gx_vstb.cpp:271:18: warning: variable length arrays in C++ are a Clang extension [-Wvla-cxx-extension]
  271 |   FAUSTFLOAT buf[ReCount];
      |                  ^~~~~~~
jni/../plugin/gx_vstb.cpp:271:18: note: read of non-const variable 'ReCount' is not allowed in a constant expression
jni/../plugin/gx_vstb.cpp:267:12: note: declared here
  267 |   uint32_t ReCount = n_samples;
      |            ^
jni/../plugin/gx_vstb.cpp:367:1: warning: duplicate 'extern' declaration specifier [-Wduplicate-decl-specifier]
  367 | LV2_SYMBOL_EXPORT
      | ^
jni/../../lv2-headers/lv2.h:358:5: note: expanded from macro 'LV2_SYMBOL_EXPORT'
  358 |     LV2_SYMBOL_EXTERN __attribute__((visibility("default")))
      |     ^
jni/../../lv2-headers/lv2.h:345:29: note: expanded from macro 'LV2_SYMBOL_EXTERN'
  345 | #  define LV2_SYMBOL_EXTERN extern "C"
      |                             ^
In file included from jni/../plugin/gx_vstb.cpp:69:
In file included from jni/../dsp/zita-resampler-1.1.0/resampler.cc:25:
jni/../dsp/zita-resampler-1.1.0/zita-resampler/resampler.h:72:26: warning: private field '_dummy' is not used [-Wunused-private-field]
   72 |     void                *_dummy [8];
      |                          ^
In file included from jni/../plugin/gx_vstb.cpp:72:
jni/../dsp/vstb_p1.cc:17:14: warning: private field 'fslider0' is not used [-Wunused-private-field]
   17 |         FAUSTFLOAT      fslider0;
      |                         ^
In file included from jni/../plugin/gx_vstb.cpp:74:
jni/../dsp/vstb_p2.cc:18:14: warning: private field 'fslider0' is not used [-Wunused-private-field]
   18 |         FAUSTFLOAT      fslider0;
      |                         ^
jni/../dsp/vstb_p2.cc:40:14: warning: private field 'fslider1' is not used [-Wunused-private-field]
   40 |         FAUSTFLOAT      fslider1;
      |                         ^
7 warnings generated.
[x86] Compile++      : gx_vstb <= gx_vstb.cpp
In file included from jni/../plugin/gx_vstb.cpp:73:
jni/../dsp/vstb_clip.cc:205:15: warning: variable length arrays in C++ are a Clang extension [-Wvla-cxx-extension]
  205 |     float buf[rescount];
      |               ^~~~~~~~
jni/../dsp/vstb_clip.cc:205:15: note: read of non-const variable 'rescount' is not allowed in a constant expression
jni/../dsp/vstb_clip.cc:204:9: note: declared here
  204 |     int rescount = res.get_max_out_size(count);
      |         ^
jni/../plugin/gx_vstb.cpp:271:18: warning: variable length arrays in C++ are a Clang extension [-Wvla-cxx-extension]
  271 |   FAUSTFLOAT buf[ReCount];
      |                  ^~~~~~~
jni/../plugin/gx_vstb.cpp:271:18: note: read of non-const variable 'ReCount' is not allowed in a constant expression
jni/../plugin/gx_vstb.cpp:267:12: note: declared here
  267 |   uint32_t ReCount = n_samples;
      |            ^
jni/../plugin/gx_vstb.cpp:367:1: warning: duplicate 'extern' declaration specifier [-Wduplicate-decl-specifier]
  367 | LV2_SYMBOL_EXPORT
      | ^
jni/../../lv2-headers/lv2.h:358:5: note: expanded from macro 'LV2_SYMBOL_EXPORT'
  358 |     LV2_SYMBOL_EXTERN __attribute__((visibility("default")))
      |     ^
jni/../../lv2-headers/lv2.h:345:29: note: expanded from macro 'LV2_SYMBOL_EXTERN'
  345 | #  define LV2_SYMBOL_EXTERN extern "C"
      |                             ^
In file included from jni/../plugin/gx_vstb.cpp:69:
In file included from jni/../dsp/zita-resampler-1.1.0/resampler.cc:25:
jni/../dsp/zita-resampler-1.1.0/zita-resampler/resampler.h:72:26: warning: private field '_dummy' is not used [-Wunused-private-field]
   72 |     void                *_dummy [8];
      |                          ^
In file included from jni/../plugin/gx_vstb.cpp:72:
jni/../dsp/vstb_p1.cc:17:14: warning: private field 'fslider0' is not used [-Wunused-private-field]
   17 |         FAUSTFLOAT      fslider0;
      |                         ^
In file included from jni/../plugin/gx_vstb.cpp:74:
jni/../dsp/vstb_p2.cc:18:14: warning: private field 'fslider0' is not used [-Wunused-private-field]
   18 |         FAUSTFLOAT      fslider0;
      |                         ^
jni/../dsp/vstb_p2.cc:40:14: warning: private field 'fslider1' is not used [-Wunused-private-field]
   40 |         FAUSTFLOAT      fslider1;
      |                         ^
7 warnings generated.
[armeabi-v7a] SharedLibrary  : libgx_vstb.so
[x86] SharedLibrary  : libgx_vstb.so
[armeabi-v7a] Install        : libgx_vstb.so => libs/armeabi-v7a/libgx_vstb.so
[x86] Install        : libgx_vstb.so => libs/x86/libgx_vstb.so
[arm64-v8a] Compile++      : gx_vstb <= gx_vstb.cpp
In file included from jni/../plugin/gx_vstb.cpp:73:
jni/../dsp/vstb_clip.cc:205:15: warning: variable length arrays in C++ are a Clang extension [-Wvla-cxx-extension]
  205 |     float buf[rescount];
      |               ^~~~~~~~
jni/../dsp/vstb_clip.cc:205:15: note: read of non-const variable 'rescount' is not allowed in a constant expression
jni/../dsp/vstb_clip.cc:204:9: note: declared here
  204 |     int rescount = res.get_max_out_size(count);
      |         ^
jni/../plugin/gx_vstb.cpp:271:18: warning: variable length arrays in C++ are a Clang extension [-Wvla-cxx-extension]
  271 |   FAUSTFLOAT buf[ReCount];
      |                  ^~~~~~~
jni/../plugin/gx_vstb.cpp:271:18: note: read of non-const variable 'ReCount' is not allowed in a constant expression
jni/../plugin/gx_vstb.cpp:267:12: note: declared here
  267 |   uint32_t ReCount = n_samples;
      |            ^
jni/../plugin/gx_vstb.cpp:367:1: warning: duplicate 'extern' declaration specifier [-Wduplicate-decl-specifier]
  367 | LV2_SYMBOL_EXPORT
      | ^
jni/../../lv2-headers/lv2.h:358:5: note: expanded from macro 'LV2_SYMBOL_EXPORT'
  358 |     LV2_SYMBOL_EXTERN __attribute__((visibility("default")))
      |     ^
jni/../../lv2-headers/lv2.h:345:29: note: expanded from macro 'LV2_SYMBOL_EXTERN'
  345 | #  define LV2_SYMBOL_EXTERN extern "C"
      |                             ^
In file included from jni/../plugin/gx_vstb.cpp:69:
In file included from jni/../dsp/zita-resampler-1.1.0/resampler.cc:25:
jni/../dsp/zita-resampler-1.1.0/zita-resampler/resampler.h:72:26: warning: private field '_dummy' is not used [-Wunused-private-field]
   72 |     void                *_dummy [8];
      |                          ^
In file included from jni/../plugin/gx_vstb.cpp:72:
jni/../dsp/vstb_p1.cc:17:14: warning: private field 'fslider0' is not used [-Wunused-private-field]
   17 |         FAUSTFLOAT      fslider0;
      |                         ^
In file included from jni/../plugin/gx_vstb.cpp:74:
jni/../dsp/vstb_p2.cc:18:14: warning: private field 'fslider0' is not used [-Wunused-private-field]
   18 |         FAUSTFLOAT      fslider0;
      |                         ^
jni/../dsp/vstb_p2.cc:40:14: warning: private field 'fslider1' is not used [-Wunused-private-field]
   40 |         FAUSTFLOAT      fslider1;
      |                         ^
7 warnings generated.
[arm64-v8a] SharedLibrary  : libgx_vstb.so
[arm64-v8a] Install        : libgx_vstb.so => libs/arm64-v8a/libgx_vstb.so
[x86_64] Compile++      : gx_vstb <= gx_vstb.cpp
In file included from jni/../plugin/gx_vstb.cpp:73:
jni/../dsp/vstb_clip.cc:205:15: warning: variable length arrays in C++ are a Clang extension [-Wvla-cxx-extension]
  205 |     float buf[rescount];
      |               ^~~~~~~~
jni/../dsp/vstb_clip.cc:205:15: note: read of non-const variable 'rescount' is not allowed in a constant expression
jni/../dsp/vstb_clip.cc:204:9: note: declared here
  204 |     int rescount = res.get_max_out_size(count);
      |         ^
jni/../plugin/gx_vstb.cpp:271:18: warning: variable length arrays in C++ are a Clang extension [-Wvla-cxx-extension]
  271 |   FAUSTFLOAT buf[ReCount];
      |                  ^~~~~~~
jni/../plugin/gx_vstb.cpp:271:18: note: read of non-const variable 'ReCount' is not allowed in a constant expression
jni/../plugin/gx_vstb.cpp:267:12: note: declared here
  267 |   uint32_t ReCount = n_samples;
      |            ^
jni/../plugin/gx_vstb.cpp:367:1: warning: duplicate 'extern' declaration specifier [-Wduplicate-decl-specifier]
  367 | LV2_SYMBOL_EXPORT
      | ^
jni/../../lv2-headers/lv2.h:358:5: note: expanded from macro 'LV2_SYMBOL_EXPORT'
  358 |     LV2_SYMBOL_EXTERN __attribute__((visibility("default")))
      |     ^
jni/../../lv2-headers/lv2.h:345:29: note: expanded from macro 'LV2_SYMBOL_EXTERN'
  345 | #  define LV2_SYMBOL_EXTERN extern "C"
      |                             ^
In file included from jni/../plugin/gx_vstb.cpp:69:
In file included from jni/../dsp/zita-resampler-1.1.0/resampler.cc:25:
jni/../dsp/zita-resampler-1.1.0/zita-resampler/resampler.h:72:26: warning: private field '_dummy' is not used [-Wunused-private-field]
   72 |     void                *_dummy [8];
      |                          ^
In file included from jni/../plugin/gx_vstb.cpp:72:
jni/../dsp/vstb_p1.cc:17:14: warning: private field 'fslider0' is not used [-Wunused-private-field]
   17 |         FAUSTFLOAT      fslider0;
      |                         ^
In file included from jni/../plugin/gx_vstb.cpp:74:
jni/../dsp/vstb_p2.cc:18:14: warning: private field 'fslider0' is not used [-Wunused-private-field]
   18 |         FAUSTFLOAT      fslider0;
      |                         ^
jni/../dsp/vstb_p2.cc:40:14: warning: private field 'fslider1' is not used [-Wunused-private-field]
   40 |         FAUSTFLOAT      fslider1;
      |                         ^
7 warnings generated.
[x86_64] SharedLibrary  : libgx_vstb.so
[x86_64] Install        : libgx_vstb.so => libs/x86_64/libgx_vstb.so
  ✓ Success (4 .so files generated)
Building GxSVT.lv2...
Android NDK: APP_PLATFORM not set. Defaulting to minimum supported version android-21.    
[x86] Compile++      : gx_ampegsvt <= gx_ampegsvt.cpp
jni/../plugin/gx_ampegsvt.cpp:451:17: warning: variable length arrays in C++ are a Clang extension [-Wvla-cxx-extension]
  451 |         FAUSTFLOAT buf[ReCount];
      |                        ^~~~~~~
jni/../plugin/gx_ampegsvt.cpp:451:17: note: read of non-const variable 'ReCount' is not allowed in a constant expression
jni/../plugin/gx_ampegsvt.cpp:447:11: note: declared here
  447 |         uint32_t ReCount = n_samples;
      |                  ^
jni/../plugin/gx_ampegsvt.cpp:642:1: warning: duplicate 'extern' declaration specifier [-Wduplicate-decl-specifier]
  642 | LV2_SYMBOL_EXPORT
      | ^
jni/../../lv2-headers/lv2.h:358:5: note: expanded from macro 'LV2_SYMBOL_EXPORT'
  358 |     LV2_SYMBOL_EXTERN __attribute__((visibility("default")))
      |     ^
jni/../../lv2-headers/lv2.h:345:29: note: expanded from macro 'LV2_SYMBOL_EXTERN'
  345 | #  define LV2_SYMBOL_EXTERN extern "C"
      |                             ^
In file included from jni/../plugin/gx_ampegsvt.cpp:70:
jni/../dsp/ampegsvtp2.cc:18:14: warning: private field 'fslider0' is not used [-Wunused-private-field]
   18 |         FAUSTFLOAT      fslider0;
      |                         ^
In file included from jni/../plugin/gx_ampegsvt.cpp:71:
jni/../dsp/ampegsvtp2_off.cc:10:14: warning: private field 'fslider0' is not used [-Wunused-private-field]
   10 |         FAUSTFLOAT      fslider0;
      |                         ^
In file included from jni/../plugin/gx_ampegsvt.cpp:72:
jni/../dsp/ampegsvtp2_low.cc:27:14: warning: private field 'fslider0' is not used [-Wunused-private-field]
   27 |         FAUSTFLOAT      fslider0;
      |                         ^
In file included from jni/../plugin/gx_ampegsvt.cpp:73:
jni/../dsp/ampegsvtp2_h.cc:13:14: warning: private field 'fslider0' is not used [-Wunused-private-field]
   13 |         FAUSTFLOAT      fslider0;
      |                         ^
In file included from jni/../plugin/gx_ampegsvt.cpp:74:
jni/../dsp/ampegsvtp2_off_h.cc:10:14: warning: private field 'fslider0' is not used [-Wunused-private-field]
   10 |         FAUSTFLOAT      fslider0;
      |                         ^
In file included from jni/../plugin/gx_ampegsvt.cpp:75:
jni/../dsp/ampegsvtp2_low_h.cc:13:14: warning: private field 'fslider0' is not used [-Wunused-private-field]
   13 |         FAUSTFLOAT      fslider0;
      |                         ^
In file included from jni/../plugin/gx_ampegsvt.cpp:76:
jni/../dsp/ampegsvtp3.cc:13:14: warning: private field 'fslider0' is not used [-Wunused-private-field]
   13 |         FAUSTFLOAT      fslider0;
      |                         ^
jni/../dsp/ampegsvtp3.cc:28:14: warning: private field 'fslider1' is not used [-Wunused-private-field]
   28 |         FAUSTFLOAT      fslider1;
      |                         ^
In file included from jni/../plugin/gx_ampegsvt.cpp:77:
jni/../dsp/ampegsvtp4_1.cc:15:14: warning: private field 'fslider0' is not used [-Wunused-private-field]
   15 |         FAUSTFLOAT      fslider0;
      |                         ^
In file included from jni/../plugin/gx_ampegsvt.cpp:78:
jni/../dsp/ampegsvtp4_2.cc:15:14: warning: private field 'fslider0' is not used [-Wunused-private-field]
   15 |         FAUSTFLOAT      fslider0;
      |                         ^
In file included from jni/../plugin/gx_ampegsvt.cpp:79:
jni/../dsp/ampegsvtp4_3.cc:15:14: warning: private field 'fslider0' is not used [-Wunused-private-field]
   15 |         FAUSTFLOAT      fslider0;
      |                         ^
In file included from jni/../plugin/gx_ampegsvt.cpp:83:
In file included from jni/../dsp/zita-resampler-1.1.0/resampler.cc:25:
jni/../dsp/zita-resampler-1.1.0/zita-resampler/resampler.h:72:26: warning: private field '_dummy' is not used [-Wunused-private-field]
   72 |     void                *_dummy [8];
      |                          ^
jni/../plugin/gx_ampegsvt.cpp:221:16: warning: private field 'sru' is not used [-Wunused-private-field]
  221 |   unsigned int sru;
      |                ^
15 warnings generated.
[x86] SharedLibrary  : libgx_ampegsvt.so
[x86] Install        : libgx_ampegsvt.so => libs/x86/libgx_ampegsvt.so
[x86_64] Compile++      : gx_ampegsvt <= gx_ampegsvt.cpp
jni/../plugin/gx_ampegsvt.cpp:451:17: warning: variable length arrays in C++ are a Clang extension [-Wvla-cxx-extension]
  451 |         FAUSTFLOAT buf[ReCount];
      |                        ^~~~~~~
jni/../plugin/gx_ampegsvt.cpp:451:17: note: read of non-const variable 'ReCount' is not allowed in a constant expression
jni/../plugin/gx_ampegsvt.cpp:447:11: note: declared here
  447 |         uint32_t ReCount = n_samples;
      |                  ^
jni/../plugin/gx_ampegsvt.cpp:642:1: warning: duplicate 'extern' declaration specifier [-Wduplicate-decl-specifier]
  642 | LV2_SYMBOL_EXPORT
      | ^
jni/../../lv2-headers/lv2.h:358:5: note: expanded from macro 'LV2_SYMBOL_EXPORT'
  358 |     LV2_SYMBOL_EXTERN __attribute__((visibility("default")))
      |     ^
jni/../../lv2-headers/lv2.h:345:29: note: expanded from macro 'LV2_SYMBOL_EXTERN'
  345 | #  define LV2_SYMBOL_EXTERN extern "C"
      |                             ^
In file included from jni/../plugin/gx_ampegsvt.cpp:70:
jni/../dsp/ampegsvtp2.cc:18:14: warning: private field 'fslider0' is not used [-Wunused-private-field]
   18 |         FAUSTFLOAT      fslider0;
      |                         ^
In file included from jni/../plugin/gx_ampegsvt.cpp:71:
jni/../dsp/ampegsvtp2_off.cc:10:14: warning: private field 'fslider0' is not used [-Wunused-private-field]
   10 |         FAUSTFLOAT      fslider0;
      |                         ^
In file included from jni/../plugin/gx_ampegsvt.cpp:72:
jni/../dsp/ampegsvtp2_low.cc:27:14: warning: private field 'fslider0' is not used [-Wunused-private-field]
   27 |         FAUSTFLOAT      fslider0;
      |                         ^
In file included from jni/../plugin/gx_ampegsvt.cpp:73:
jni/../dsp/ampegsvtp2_h.cc:13:14: warning: private field 'fslider0' is not used [-Wunused-private-field]
   13 |         FAUSTFLOAT      fslider0;
      |                         ^
In file included from jni/../plugin/gx_ampegsvt.cpp:74:
jni/../dsp/ampegsvtp2_off_h.cc:10:14: warning: private field 'fslider0' is not used [-Wunused-private-field]
   10 |         FAUSTFLOAT      fslider0;
      |                         ^
In file included from jni/../plugin/gx_ampegsvt.cpp:75:
jni/../dsp/ampegsvtp2_low_h.cc:13:14: warning: private field 'fslider0' is not used [-Wunused-private-field]
   13 |         FAUSTFLOAT      fslider0;
      |                         ^
In file included from jni/../plugin/gx_ampegsvt.cpp:76:
jni/../dsp/ampegsvtp3.cc:13:14: warning: private field 'fslider0' is not used [-Wunused-private-field]
   13 |         FAUSTFLOAT      fslider0;
      |                         ^
jni/../dsp/ampegsvtp3.cc:28:14: warning: private field 'fslider1' is not used [-Wunused-private-field]
   28 |         FAUSTFLOAT      fslider1;
      |                         ^
In file included from jni/../plugin/gx_ampegsvt.cpp:77:
jni/../dsp/ampegsvtp4_1.cc:15:14: warning: private field 'fslider0' is not used [-Wunused-private-field]
   15 |         FAUSTFLOAT      fslider0;
      |                         ^
In file included from jni/../plugin/gx_ampegsvt.cpp:78:
jni/../dsp/ampegsvtp4_2.cc:15:14: warning: private field 'fslider0' is not used [-Wunused-private-field]
   15 |         FAUSTFLOAT      fslider0;
      |                         ^
In file included from jni/../plugin/gx_ampegsvt.cpp:79:
jni/../dsp/ampegsvtp4_3.cc:15:14: warning: private field 'fslider0' is not used [-Wunused-private-field]
   15 |         FAUSTFLOAT      fslider0;
      |                         ^
In file included from jni/../plugin/gx_ampegsvt.cpp:83:
In file included from jni/../dsp/zita-resampler-1.1.0/resampler.cc:25:
jni/../dsp/zita-resampler-1.1.0/zita-resampler/resampler.h:72:26: warning: private field '_dummy' is not used [-Wunused-private-field]
   72 |     void                *_dummy [8];
      |                          ^
jni/../plugin/gx_ampegsvt.cpp:221:16: warning: private field 'sru' is not used [-Wunused-private-field]
  221 |   unsigned int sru;
      |                ^
15 warnings generated.
[x86_64] SharedLibrary  : libgx_ampegsvt.so
[x86_64] Install        : libgx_ampegsvt.so => libs/x86_64/libgx_ampegsvt.so
[arm64-v8a] Compile++      : gx_ampegsvt <= gx_ampegsvt.cpp
jni/../plugin/gx_ampegsvt.cpp:451:17: warning: variable length arrays in C++ are a Clang extension [-Wvla-cxx-extension]
  451 |         FAUSTFLOAT buf[ReCount];
      |                        ^~~~~~~
jni/../plugin/gx_ampegsvt.cpp:451:17: note: read of non-const variable 'ReCount' is not allowed in a constant expression
jni/../plugin/gx_ampegsvt.cpp:447:11: note: declared here
  447 |         uint32_t ReCount = n_samples;
      |                  ^
jni/../plugin/gx_ampegsvt.cpp:642:1: warning: duplicate 'extern' declaration specifier [-Wduplicate-decl-specifier]
  642 | LV2_SYMBOL_EXPORT
      | ^
jni/../../lv2-headers/lv2.h:358:5: note: expanded from macro 'LV2_SYMBOL_EXPORT'
  358 |     LV2_SYMBOL_EXTERN __attribute__((visibility("default")))
      |     ^
jni/../../lv2-headers/lv2.h:345:29: note: expanded from macro 'LV2_SYMBOL_EXTERN'
  345 | #  define LV2_SYMBOL_EXTERN extern "C"
      |                             ^
In file included from jni/../plugin/gx_ampegsvt.cpp:70:
jni/../dsp/ampegsvtp2.cc:18:14: warning: private field 'fslider0' is not used [-Wunused-private-field]
   18 |         FAUSTFLOAT      fslider0;
      |                         ^
In file included from jni/../plugin/gx_ampegsvt.cpp:71:
jni/../dsp/ampegsvtp2_off.cc:10:14: warning: private field 'fslider0' is not used [-Wunused-private-field]
   10 |         FAUSTFLOAT      fslider0;
      |                         ^
In file included from jni/../plugin/gx_ampegsvt.cpp:72:
jni/../dsp/ampegsvtp2_low.cc:27:14: warning: private field 'fslider0' is not used [-Wunused-private-field]
   27 |         FAUSTFLOAT      fslider0;
      |                         ^
In file included from jni/../plugin/gx_ampegsvt.cpp:73:
jni/../dsp/ampegsvtp2_h.cc:13:14: warning: private field 'fslider0' is not used [-Wunused-private-field]
   13 |         FAUSTFLOAT      fslider0;
      |                         ^
In file included from jni/../plugin/gx_ampegsvt.cpp:74:
jni/../dsp/ampegsvtp2_off_h.cc:10:14: warning: private field 'fslider0' is not used [-Wunused-private-field]
   10 |         FAUSTFLOAT      fslider0;
      |                         ^
In file included from jni/../plugin/gx_ampegsvt.cpp:75:
jni/../dsp/ampegsvtp2_low_h.cc:13:14: warning: private field 'fslider0' is not used [-Wunused-private-field]
   13 |         FAUSTFLOAT      fslider0;
      |                         ^
In file included from jni/../plugin/gx_ampegsvt.cpp:76:
jni/../dsp/ampegsvtp3.cc:13:14: warning: private field 'fslider0' is not used [-Wunused-private-field]
   13 |         FAUSTFLOAT      fslider0;
      |                         ^
jni/../dsp/ampegsvtp3.cc:28:14: warning: private field 'fslider1' is not used [-Wunused-private-field]
   28 |         FAUSTFLOAT      fslider1;
      |                         ^
In file included from jni/../plugin/gx_ampegsvt.cpp:77:
jni/../dsp/ampegsvtp4_1.cc:15:14: warning: private field 'fslider0' is not used [-Wunused-private-field]
   15 |         FAUSTFLOAT      fslider0;
      |                         ^
In file included from jni/../plugin/gx_ampegsvt.cpp:78:
jni/../dsp/ampegsvtp4_2.cc:15:14: warning: private field 'fslider0' is not used [-Wunused-private-field]
   15 |         FAUSTFLOAT      fslider0;
      |                         ^
In file included from jni/../plugin/gx_ampegsvt.cpp:79:
jni/../dsp/ampegsvtp4_3.cc:15:14: warning: private field 'fslider0' is not used [-Wunused-private-field]
   15 |         FAUSTFLOAT      fslider0;
      |                         ^
In file included from jni/../plugin/gx_ampegsvt.cpp:83:
In file included from jni/../dsp/zita-resampler-1.1.0/resampler.cc:25:
jni/../dsp/zita-resampler-1.1.0/zita-resampler/resampler.h:72:26: warning: private field '_dummy' is not used [-Wunused-private-field]
   72 |     void                *_dummy [8];
      |                          ^
jni/../plugin/gx_ampegsvt.cpp:221:16: warning: private field 'sru' is not used [-Wunused-private-field]
  221 |   unsigned int sru;
      |                ^
15 warnings generated.
[arm64-v8a] SharedLibrary  : libgx_ampegsvt.so
[arm64-v8a] Install        : libgx_ampegsvt.so => libs/arm64-v8a/libgx_ampegsvt.so
[armeabi-v7a] Compile++ thumb: gx_ampegsvt <= gx_ampegsvt.cpp
jni/../plugin/gx_ampegsvt.cpp:451:17: warning: variable length arrays in C++ are a Clang extension [-Wvla-cxx-extension]
  451 |         FAUSTFLOAT buf[ReCount];
      |                        ^~~~~~~
jni/../plugin/gx_ampegsvt.cpp:451:17: note: read of non-const variable 'ReCount' is not allowed in a constant expression
jni/../plugin/gx_ampegsvt.cpp:447:11: note: declared here
  447 |         uint32_t ReCount = n_samples;
      |                  ^
jni/../plugin/gx_ampegsvt.cpp:642:1: warning: duplicate 'extern' declaration specifier [-Wduplicate-decl-specifier]
  642 | LV2_SYMBOL_EXPORT
      | ^
jni/../../lv2-headers/lv2.h:358:5: note: expanded from macro 'LV2_SYMBOL_EXPORT'
  358 |     LV2_SYMBOL_EXTERN __attribute__((visibility("default")))
      |     ^
jni/../../lv2-headers/lv2.h:345:29: note: expanded from macro 'LV2_SYMBOL_EXTERN'
  345 | #  define LV2_SYMBOL_EXTERN extern "C"
      |                             ^
In file included from jni/../plugin/gx_ampegsvt.cpp:70:
jni/../dsp/ampegsvtp2.cc:18:14: warning: private field 'fslider0' is not used [-Wunused-private-field]
   18 |         FAUSTFLOAT      fslider0;
      |                         ^
In file included from jni/../plugin/gx_ampegsvt.cpp:71:
jni/../dsp/ampegsvtp2_off.cc:10:14: warning: private field 'fslider0' is not used [-Wunused-private-field]
   10 |         FAUSTFLOAT      fslider0;
      |                         ^
In file included from jni/../plugin/gx_ampegsvt.cpp:72:
jni/../dsp/ampegsvtp2_low.cc:27:14: warning: private field 'fslider0' is not used [-Wunused-private-field]
   27 |         FAUSTFLOAT      fslider0;
      |                         ^
In file included from jni/../plugin/gx_ampegsvt.cpp:73:
jni/../dsp/ampegsvtp2_h.cc:13:14: warning: private field 'fslider0' is not used [-Wunused-private-field]
   13 |         FAUSTFLOAT      fslider0;
      |                         ^
In file included from jni/../plugin/gx_ampegsvt.cpp:74:
jni/../dsp/ampegsvtp2_off_h.cc:10:14: warning: private field 'fslider0' is not used [-Wunused-private-field]
   10 |         FAUSTFLOAT      fslider0;
      |                         ^
In file included from jni/../plugin/gx_ampegsvt.cpp:75:
jni/../dsp/ampegsvtp2_low_h.cc:13:14: warning: private field 'fslider0' is not used [-Wunused-private-field]
   13 |         FAUSTFLOAT      fslider0;
      |                         ^
In file included from jni/../plugin/gx_ampegsvt.cpp:76:
jni/../dsp/ampegsvtp3.cc:13:14: warning: private field 'fslider0' is not used [-Wunused-private-field]
   13 |         FAUSTFLOAT      fslider0;
      |                         ^
jni/../dsp/ampegsvtp3.cc:28:14: warning: private field 'fslider1' is not used [-Wunused-private-field]
   28 |         FAUSTFLOAT      fslider1;
      |                         ^
In file included from jni/../plugin/gx_ampegsvt.cpp:77:
jni/../dsp/ampegsvtp4_1.cc:15:14: warning: private field 'fslider0' is not used [-Wunused-private-field]
   15 |         FAUSTFLOAT      fslider0;
      |                         ^
In file included from jni/../plugin/gx_ampegsvt.cpp:78:
jni/../dsp/ampegsvtp4_2.cc:15:14: warning: private field 'fslider0' is not used [-Wunused-private-field]
   15 |         FAUSTFLOAT      fslider0;
      |                         ^
In file included from jni/../plugin/gx_ampegsvt.cpp:79:
jni/../dsp/ampegsvtp4_3.cc:15:14: warning: private field 'fslider0' is not used [-Wunused-private-field]
   15 |         FAUSTFLOAT      fslider0;
      |                         ^
In file included from jni/../plugin/gx_ampegsvt.cpp:83:
In file included from jni/../dsp/zita-resampler-1.1.0/resampler.cc:25:
jni/../dsp/zita-resampler-1.1.0/zita-resampler/resampler.h:72:26: warning: private field '_dummy' is not used [-Wunused-private-field]
   72 |     void                *_dummy [8];
      |                          ^
jni/../plugin/gx_ampegsvt.cpp:221:16: warning: private field 'sru' is not used [-Wunused-private-field]
  221 |   unsigned int sru;
      |                ^
15 warnings generated.
[armeabi-v7a] SharedLibrary  : libgx_ampegsvt.so
[armeabi-v7a] Install        : libgx_ampegsvt.so => libs/armeabi-v7a/libgx_ampegsvt.so
  ✓ Success (4 .so files generated)
Building GxTimRay.lv2...
Android NDK: APP_PLATFORM not set. Defaulting to minimum supported version android-21.    
[x86] Compile++      : gx_timray <= gx_timray.cpp
jni/../plugin/gx_timray.cpp:197:18: warning: variable length arrays in C++ are a Clang extension [-Wvla-cxx-extension]
  197 |   FAUSTFLOAT buf[n_samples];
      |                  ^~~~~~~~~
jni/../plugin/gx_timray.cpp:197:18: note: function parameter 'n_samples' with unknown value cannot be used in a constant expression
jni/../plugin/gx_timray.cpp:195:36: note: declared here
  195 | void Gx_timray_::run_dsp_(uint32_t n_samples)
      |                                    ^
jni/../plugin/gx_timray.cpp:341:1: warning: duplicate 'extern' declaration specifier [-Wduplicate-decl-specifier]
  341 | LV2_SYMBOL_EXPORT
      | ^
jni/../../lv2-headers/lv2.h:358:5: note: expanded from macro 'LV2_SYMBOL_EXPORT'
  358 |     LV2_SYMBOL_EXTERN __attribute__((visibility("default")))
      |     ^
jni/../../lv2-headers/lv2.h:345:29: note: expanded from macro 'LV2_SYMBOL_EXTERN'
  345 | #  define LV2_SYMBOL_EXTERN extern "C"
      |                             ^
In file included from jni/../plugin/gx_timray.cpp:68:
jni/../dsp/timray.cc:19:14: warning: private field 'fslider0' is not used [-Wunused-private-field]
   19 |         FAUSTFLOAT      fslider0;
      |                         ^
jni/../dsp/timray.cc:26:14: warning: private field 'fslider1' is not used [-Wunused-private-field]
   26 |         FAUSTFLOAT      fslider1;
      |                         ^
jni/../dsp/timray.cc:33:14: warning: private field 'fslider2' is not used [-Wunused-private-field]
   33 |         FAUSTFLOAT      fslider2;
      |                         ^
jni/../dsp/timray.cc:52:14: warning: private field 'fslider3' is not used [-Wunused-private-field]
   52 |         FAUSTFLOAT      fslider3;
      |                         ^
jni/../dsp/timray.cc:216:14: warning: private field 'fslider4' is not used [-Wunused-private-field]
  216 |         FAUSTFLOAT      fslider4;
      |                         ^
7 warnings generated.
[x86] SharedLibrary  : libgx_timray.so
[x86] Install        : libgx_timray.so => libs/x86/libgx_timray.so
[arm64-v8a] Compile++      : gx_timray <= gx_timray.cpp
jni/../plugin/gx_timray.cpp:197:18: warning: variable length arrays in C++ are a Clang extension [-Wvla-cxx-extension]
  197 |   FAUSTFLOAT buf[n_samples];
      |                  ^~~~~~~~~
jni/../plugin/gx_timray.cpp:197:18: note: function parameter 'n_samples' with unknown value cannot be used in a constant expression
jni/../plugin/gx_timray.cpp:195:36: note: declared here
  195 | void Gx_timray_::run_dsp_(uint32_t n_samples)
      |                                    ^
jni/../plugin/gx_timray.cpp:341:1: warning: duplicate 'extern' declaration specifier [-Wduplicate-decl-specifier]
  341 | LV2_SYMBOL_EXPORT
      | ^
jni/../../lv2-headers/lv2.h:358:5: note: expanded from macro 'LV2_SYMBOL_EXPORT'
  358 |     LV2_SYMBOL_EXTERN __attribute__((visibility("default")))
      |     ^
jni/../../lv2-headers/lv2.h:345:29: note: expanded from macro 'LV2_SYMBOL_EXTERN'
  345 | #  define LV2_SYMBOL_EXTERN extern "C"
      |                             ^
In file included from jni/../plugin/gx_timray.cpp:68:
jni/../dsp/timray.cc:19:14: warning: private field 'fslider0' is not used [-Wunused-private-field]
   19 |         FAUSTFLOAT      fslider0;
      |                         ^
jni/../dsp/timray.cc:26:14: warning: private field 'fslider1' is not used [-Wunused-private-field]
   26 |         FAUSTFLOAT      fslider1;
      |                         ^
jni/../dsp/timray.cc:33:14: warning: private field 'fslider2' is not used [-Wunused-private-field]
   33 |         FAUSTFLOAT      fslider2;
      |                         ^
jni/../dsp/timray.cc:52:14: warning: private field 'fslider3' is not used [-Wunused-private-field]
   52 |         FAUSTFLOAT      fslider3;
      |                         ^
jni/../dsp/timray.cc:216:14: warning: private field 'fslider4' is not used [-Wunused-private-field]
  216 |         FAUSTFLOAT      fslider4;
      |                         ^
7 warnings generated.
[x86_64] Compile++      : gx_timray <= gx_timray.cpp
jni/../plugin/gx_timray.cpp:197:18: warning: variable length arrays in C++ are a Clang extension [-Wvla-cxx-extension]
  197 |   FAUSTFLOAT buf[n_samples];
      |                  ^~~~~~~~~
jni/../plugin/gx_timray.cpp:197:18: note: function parameter 'n_samples' with unknown value cannot be used in a constant expression
jni/../plugin/gx_timray.cpp:195:36: note: declared here
  195 | void Gx_timray_::run_dsp_(uint32_t n_samples)
      |                                    ^
jni/../plugin/gx_timray.cpp:341:1: warning: duplicate 'extern' declaration specifier [-Wduplicate-decl-specifier]
  341 | LV2_SYMBOL_EXPORT
      | ^
jni/../../lv2-headers/lv2.h:358:5: note: expanded from macro 'LV2_SYMBOL_EXPORT'
  358 |     LV2_SYMBOL_EXTERN __attribute__((visibility("default")))
      |     ^
jni/../../lv2-headers/lv2.h:345:29: note: expanded from macro 'LV2_SYMBOL_EXTERN'
  345 | #  define LV2_SYMBOL_EXTERN extern "C"
      |                             ^
In file included from jni/../plugin/gx_timray.cpp:68:
jni/../dsp/timray.cc:19:14: warning: private field 'fslider0' is not used [-Wunused-private-field]
   19 |         FAUSTFLOAT      fslider0;
      |                         ^
jni/../dsp/timray.cc:26:14: warning: private field 'fslider1' is not used [-Wunused-private-field]
   26 |         FAUSTFLOAT      fslider1;
      |                         ^
jni/../dsp/timray.cc:33:14: warning: private field 'fslider2' is not used [-Wunused-private-field]
   33 |         FAUSTFLOAT      fslider2;
      |                         ^
jni/../dsp/timray.cc:52:14: warning: private field 'fslider3' is not used [-Wunused-private-field]
   52 |         FAUSTFLOAT      fslider3;
      |                         ^
jni/../dsp/timray.cc:216:14: warning: private field 'fslider4' is not used [-Wunused-private-field]
  216 |         FAUSTFLOAT      fslider4;
      |                         ^
7 warnings generated.
[arm64-v8a] SharedLibrary  : libgx_timray.so
[arm64-v8a] Install        : libgx_timray.so => libs/arm64-v8a/libgx_timray.so
[x86_64] SharedLibrary  : libgx_timray.so
[x86_64] Install        : libgx_timray.so => libs/x86_64/libgx_timray.so
[armeabi-v7a] Compile++ thumb: gx_timray <= gx_timray.cpp
jni/../plugin/gx_timray.cpp:197:18: warning: variable length arrays in C++ are a Clang extension [-Wvla-cxx-extension]
  197 |   FAUSTFLOAT buf[n_samples];
      |                  ^~~~~~~~~
jni/../plugin/gx_timray.cpp:197:18: note: function parameter 'n_samples' with unknown value cannot be used in a constant expression
jni/../plugin/gx_timray.cpp:195:36: note: declared here
  195 | void Gx_timray_::run_dsp_(uint32_t n_samples)
      |                                    ^
jni/../plugin/gx_timray.cpp:341:1: warning: duplicate 'extern' declaration specifier [-Wduplicate-decl-specifier]
  341 | LV2_SYMBOL_EXPORT
      | ^
jni/../../lv2-headers/lv2.h:358:5: note: expanded from macro 'LV2_SYMBOL_EXPORT'
  358 |     LV2_SYMBOL_EXTERN __attribute__((visibility("default")))
      |     ^
jni/../../lv2-headers/lv2.h:345:29: note: expanded from macro 'LV2_SYMBOL_EXTERN'
  345 | #  define LV2_SYMBOL_EXTERN extern "C"
      |                             ^
In file included from jni/../plugin/gx_timray.cpp:68:
jni/../dsp/timray.cc:19:14: warning: private field 'fslider0' is not used [-Wunused-private-field]
   19 |         FAUSTFLOAT      fslider0;
      |                         ^
jni/../dsp/timray.cc:26:14: warning: private field 'fslider1' is not used [-Wunused-private-field]
   26 |         FAUSTFLOAT      fslider1;
      |                         ^
jni/../dsp/timray.cc:33:14: warning: private field 'fslider2' is not used [-Wunused-private-field]
   33 |         FAUSTFLOAT      fslider2;
      |                         ^
jni/../dsp/timray.cc:52:14: warning: private field 'fslider3' is not used [-Wunused-private-field]
   52 |         FAUSTFLOAT      fslider3;
      |                         ^
jni/../dsp/timray.cc:216:14: warning: private field 'fslider4' is not used [-Wunused-private-field]
  216 |         FAUSTFLOAT      fslider4;
      |                         ^
7 warnings generated.
[armeabi-v7a] SharedLibrary  : libgx_timray.so
[armeabi-v7a] Install        : libgx_timray.so => libs/armeabi-v7a/libgx_timray.so
  ✓ Success (4 .so files generated)
Building GxToneMachine.lv2...
Android NDK: APP_PLATFORM not set. Defaulting to minimum supported version android-21.    
[x86_64] Compile++      : gx_tonemachine <= gx_tonemachine.cpp
jni/../plugin/gx_tonemachine.cpp:354:1: warning: duplicate 'extern' declaration specifier [-Wduplicate-decl-specifier]
  354 | LV2_SYMBOL_EXPORT
      | ^
jni/../../lv2-headers/lv2.h:358:5: note: expanded from macro 'LV2_SYMBOL_EXPORT'
  358 |     LV2_SYMBOL_EXTERN __attribute__((visibility("default")))
      |     ^
jni/../../lv2-headers/lv2.h:345:29: note: expanded from macro 'LV2_SYMBOL_EXTERN'
  345 | #  define LV2_SYMBOL_EXTERN extern "C"
      |                             ^
In file included from jni/../plugin/gx_tonemachine.cpp:68:
jni/../dsp/foxxtonemachine_off.cc:10:14: warning: private field 'fslider0' is not used [-Wunused-private-field]
   10 |         FAUSTFLOAT      fslider0;
      |                         ^
In file included from jni/../plugin/gx_tonemachine.cpp:69:
jni/../dsp/foxxtonemachine_on.cc:10:14: warning: private field 'fslider0' is not used [-Wunused-private-field]
   10 |         FAUSTFLOAT      fslider0;
      |                         ^
In file included from jni/../plugin/gx_tonemachine.cpp:70:
jni/../dsp/foxxtonemachine.cc:47:14: warning: private field 'fslider0' is not used [-Wunused-private-field]
   47 |         FAUSTFLOAT      fslider0;
      |                         ^
jni/../dsp/foxxtonemachine.cc:84:14: warning: private field 'fslider1' is not used [-Wunused-private-field]
   84 |         FAUSTFLOAT      fslider1;
      |                         ^
5 warnings generated.
[x86] Compile++      : gx_tonemachine <= gx_tonemachine.cpp
jni/../plugin/gx_tonemachine.cpp:354:1: warning: duplicate 'extern' declaration specifier [-Wduplicate-decl-specifier]
  354 | LV2_SYMBOL_EXPORT
      | ^
jni/../../lv2-headers/lv2.h:358:5: note: expanded from macro 'LV2_SYMBOL_EXPORT'
  358 |     LV2_SYMBOL_EXTERN __attribute__((visibility("default")))
      |     ^
jni/../../lv2-headers/lv2.h:345:29: note: expanded from macro 'LV2_SYMBOL_EXTERN'
  345 | #  define LV2_SYMBOL_EXTERN extern "C"
      |                             ^
In file included from jni/../plugin/gx_tonemachine.cpp:68:
jni/../dsp/foxxtonemachine_off.cc:10:14: warning: private field 'fslider0' is not used [-Wunused-private-field]
   10 |         FAUSTFLOAT      fslider0;
      |                         ^
In file included from jni/../plugin/gx_tonemachine.cpp:69:
jni/../dsp/foxxtonemachine_on.cc:10:14: warning: private field 'fslider0' is not used [-Wunused-private-field]
   10 |         FAUSTFLOAT      fslider0;
      |                         ^
In file included from jni/../plugin/gx_tonemachine.cpp:70:
jni/../dsp/foxxtonemachine.cc:47:14: warning: private field 'fslider0' is not used [-Wunused-private-field]
   47 |         FAUSTFLOAT      fslider0;
      |                         ^
jni/../dsp/foxxtonemachine.cc:84:14: warning: private field 'fslider1' is not used [-Wunused-private-field]
   84 |         FAUSTFLOAT      fslider1;
      |                         ^
5 warnings generated.
[x86_64] SharedLibrary  : libgx_tonemachine.so
[armeabi-v7a] Compile++ thumb: gx_tonemachine <= gx_tonemachine.cpp
jni/../plugin/gx_tonemachine.cpp:354:1: warning: duplicate 'extern' declaration specifier [-Wduplicate-decl-specifier]
  354 | LV2_SYMBOL_EXPORT
      | ^
jni/../../lv2-headers/lv2.h:358:5: note: expanded from macro 'LV2_SYMBOL_EXPORT'
  358 |     LV2_SYMBOL_EXTERN __attribute__((visibility("default")))
      |     ^
jni/../../lv2-headers/lv2.h:345:29: note: expanded from macro 'LV2_SYMBOL_EXTERN'
  345 | #  define LV2_SYMBOL_EXTERN extern "C"
      |                             ^
In file included from jni/../plugin/gx_tonemachine.cpp:68:
jni/../dsp/foxxtonemachine_off.cc:10:14: warning: private field 'fslider0' is not used [-Wunused-private-field]
   10 |         FAUSTFLOAT      fslider0;
      |                         ^
In file included from jni/../plugin/gx_tonemachine.cpp:69:
jni/../dsp/foxxtonemachine_on.cc:10:14: warning: private field 'fslider0' is not used [-Wunused-private-field]
   10 |         FAUSTFLOAT      fslider0;
      |                         ^
In file included from jni/../plugin/gx_tonemachine.cpp:70:
jni/../dsp/foxxtonemachine.cc:47:14: warning: private field 'fslider0' is not used [-Wunused-private-field]
   47 |         FAUSTFLOAT      fslider0;
      |                         ^
jni/../dsp/foxxtonemachine.cc:84:14: warning: private field 'fslider1' is not used [-Wunused-private-field]
   84 |         FAUSTFLOAT      fslider1;
      |                         ^
5 warnings generated.
[x86] SharedLibrary  : libgx_tonemachine.so
[x86_64] Install        : libgx_tonemachine.so => libs/x86_64/libgx_tonemachine.so
[x86] Install        : libgx_tonemachine.so => libs/x86/libgx_tonemachine.so
[armeabi-v7a] SharedLibrary  : libgx_tonemachine.so
[armeabi-v7a] Install        : libgx_tonemachine.so => libs/armeabi-v7a/libgx_tonemachine.so
[arm64-v8a] Compile++      : gx_tonemachine <= gx_tonemachine.cpp
jni/../plugin/gx_tonemachine.cpp:354:1: warning: duplicate 'extern' declaration specifier [-Wduplicate-decl-specifier]
  354 | LV2_SYMBOL_EXPORT
      | ^
jni/../../lv2-headers/lv2.h:358:5: note: expanded from macro 'LV2_SYMBOL_EXPORT'
  358 |     LV2_SYMBOL_EXTERN __attribute__((visibility("default")))
      |     ^
jni/../../lv2-headers/lv2.h:345:29: note: expanded from macro 'LV2_SYMBOL_EXTERN'
  345 | #  define LV2_SYMBOL_EXTERN extern "C"
      |                             ^
In file included from jni/../plugin/gx_tonemachine.cpp:68:
jni/../dsp/foxxtonemachine_off.cc:10:14: warning: private field 'fslider0' is not used [-Wunused-private-field]
   10 |         FAUSTFLOAT      fslider0;
      |                         ^
In file included from jni/../plugin/gx_tonemachine.cpp:69:
jni/../dsp/foxxtonemachine_on.cc:10:14: warning: private field 'fslider0' is not used [-Wunused-private-field]
   10 |         FAUSTFLOAT      fslider0;
      |                         ^
In file included from jni/../plugin/gx_tonemachine.cpp:70:
jni/../dsp/foxxtonemachine.cc:47:14: warning: private field 'fslider0' is not used [-Wunused-private-field]
   47 |         FAUSTFLOAT      fslider0;
      |                         ^
jni/../dsp/foxxtonemachine.cc:84:14: warning: private field 'fslider1' is not used [-Wunused-private-field]
   84 |         FAUSTFLOAT      fslider1;
      |                         ^
5 warnings generated.
[arm64-v8a] SharedLibrary  : libgx_tonemachine.so
[arm64-v8a] Install        : libgx_tonemachine.so => libs/arm64-v8a/libgx_tonemachine.so
  ✓ Success (4 .so files generated)
Building GxTubeDistortion.lv2...
Android NDK: APP_PLATFORM not set. Defaulting to minimum supported version android-21.    
[armeabi-v7a] Compile++ thumb: gx_TubeDistortion <= gx_TubeDistortion.cpp
In file included from jni/../plugin/gx_TubeDistortion.cpp:73:
jni/../dsp/TubeDistortion_clip.cc:167:15: warning: variable length arrays in C++ are a Clang extension [-Wvla-cxx-extension]
  167 |     float buf[rescount];
      |               ^~~~~~~~
jni/../dsp/TubeDistortion_clip.cc:167:15: note: read of non-const variable 'rescount' is not allowed in a constant expression
jni/../dsp/TubeDistortion_clip.cc:166:9: note: declared here
  166 |     int rescount = res.get_max_out_size(count);
      |         ^
jni/../plugin/gx_TubeDistortion.cpp:300:18: warning: variable length arrays in C++ are a Clang extension [-Wvla-cxx-extension]
  300 |   FAUSTFLOAT buf[ReCount];
      |                  ^~~~~~~
jni/../plugin/gx_TubeDistortion.cpp:300:18: note: read of non-const variable 'ReCount' is not allowed in a constant expression
jni/../plugin/gx_TubeDistortion.cpp:296:12: note: declared here
  296 |   uint32_t ReCount = n_samples;
      |            ^
jni/../plugin/gx_TubeDistortion.cpp:441:1: warning: duplicate 'extern' declaration specifier [-Wduplicate-decl-specifier]
  441 | LV2_SYMBOL_EXPORT
      | ^
jni/../../lv2-headers/lv2.h:358:5: note: expanded from macro 'LV2_SYMBOL_EXPORT'
  358 |     LV2_SYMBOL_EXTERN __attribute__((visibility("default")))
      |     ^
jni/../../lv2-headers/lv2.h:345:29: note: expanded from macro 'LV2_SYMBOL_EXTERN'
  345 | #  define LV2_SYMBOL_EXTERN extern "C"
      |                             ^
In file included from jni/../plugin/gx_TubeDistortion.cpp:69:
In file included from jni/../dsp/zita-resampler-1.1.0/resampler.cc:25:
jni/../dsp/zita-resampler-1.1.0/zita-resampler/resampler.h:72:26: warning: private field '_dummy' is not used [-Wunused-private-field]
   72 |     void                *_dummy [8];
      |                          ^
In file included from jni/../plugin/gx_TubeDistortion.cpp:72:
jni/../dsp/TubeDistortion_in.cc:10:14: warning: private field 'fslider0' is not used [-Wunused-private-field]
   10 |         FAUSTFLOAT      fslider0;
      |                         ^
In file included from jni/../plugin/gx_TubeDistortion.cpp:74:
jni/../dsp/TubeDistortion_out.cc:10:14: warning: private field 'fslider0' is not used [-Wunused-private-field]
   10 |         FAUSTFLOAT      fslider0;
      |                         ^
jni/../plugin/gx_TubeDistortion.cpp:160:16: warning: private field 'sru' is not used [-Wunused-private-field]
  160 |   unsigned int sru;
      |                ^
7 warnings generated.
[arm64-v8a] Compile++      : gx_TubeDistortion <= gx_TubeDistortion.cpp
In file included from jni/../plugin/gx_TubeDistortion.cpp:73:
jni/../dsp/TubeDistortion_clip.cc:167:15: warning: variable length arrays in C++ are a Clang extension [-Wvla-cxx-extension]
  167 |     float buf[rescount];
      |               ^~~~~~~~
jni/../dsp/TubeDistortion_clip.cc:167:15: note: read of non-const variable 'rescount' is not allowed in a constant expression
jni/../dsp/TubeDistortion_clip.cc:166:9: note: declared here
  166 |     int rescount = res.get_max_out_size(count);
      |         ^
jni/../plugin/gx_TubeDistortion.cpp:300:18: warning: variable length arrays in C++ are a Clang extension [-Wvla-cxx-extension]
  300 |   FAUSTFLOAT buf[ReCount];
      |                  ^~~~~~~
jni/../plugin/gx_TubeDistortion.cpp:300:18: note: read of non-const variable 'ReCount' is not allowed in a constant expression
jni/../plugin/gx_TubeDistortion.cpp:296:12: note: declared here
  296 |   uint32_t ReCount = n_samples;
      |            ^
jni/../plugin/gx_TubeDistortion.cpp:441:1: warning: duplicate 'extern' declaration specifier [-Wduplicate-decl-specifier]
  441 | LV2_SYMBOL_EXPORT
      | ^
jni/../../lv2-headers/lv2.h:358:5: note: expanded from macro 'LV2_SYMBOL_EXPORT'
  358 |     LV2_SYMBOL_EXTERN __attribute__((visibility("default")))
      |     ^
jni/../../lv2-headers/lv2.h:345:29: note: expanded from macro 'LV2_SYMBOL_EXTERN'
  345 | #  define LV2_SYMBOL_EXTERN extern "C"
      |                             ^
In file included from jni/../plugin/gx_TubeDistortion.cpp:69:
In file included from jni/../dsp/zita-resampler-1.1.0/resampler.cc:25:
jni/../dsp/zita-resampler-1.1.0/zita-resampler/resampler.h:72:26: warning: private field '_dummy' is not used [-Wunused-private-field]
   72 |     void                *_dummy [8];
      |                          ^
In file included from jni/../plugin/gx_TubeDistortion.cpp:72:
jni/../dsp/TubeDistortion_in.cc:10:14: warning: private field 'fslider0' is not used [-Wunused-private-field]
   10 |         FAUSTFLOAT      fslider0;
      |                         ^
In file included from jni/../plugin/gx_TubeDistortion.cpp:74:
jni/../dsp/TubeDistortion_out.cc:10:14: warning: private field 'fslider0' is not used [-Wunused-private-field]
   10 |         FAUSTFLOAT      fslider0;
      |                         ^
jni/../plugin/gx_TubeDistortion.cpp:160:16: warning: private field 'sru' is not used [-Wunused-private-field]
  160 |   unsigned int sru;
      |                ^
7 warnings generated.
[x86_64] Compile++      : gx_TubeDistortion <= gx_TubeDistortion.cpp
In file included from jni/../plugin/gx_TubeDistortion.cpp:73:
jni/../dsp/TubeDistortion_clip.cc:167:15: warning: variable length arrays in C++ are a Clang extension [-Wvla-cxx-extension]
  167 |     float buf[rescount];
      |               ^~~~~~~~
jni/../dsp/TubeDistortion_clip.cc:167:15: note: read of non-const variable 'rescount' is not allowed in a constant expression
jni/../dsp/TubeDistortion_clip.cc:166:9: note: declared here
  166 |     int rescount = res.get_max_out_size(count);
      |         ^
jni/../plugin/gx_TubeDistortion.cpp:300:18: warning: variable length arrays in C++ are a Clang extension [-Wvla-cxx-extension]
  300 |   FAUSTFLOAT buf[ReCount];
      |                  ^~~~~~~
jni/../plugin/gx_TubeDistortion.cpp:300:18: note: read of non-const variable 'ReCount' is not allowed in a constant expression
jni/../plugin/gx_TubeDistortion.cpp:296:12: note: declared here
  296 |   uint32_t ReCount = n_samples;
      |            ^
jni/../plugin/gx_TubeDistortion.cpp:441:1: warning: duplicate 'extern' declaration specifier [-Wduplicate-decl-specifier]
  441 | LV2_SYMBOL_EXPORT
      | ^
jni/../../lv2-headers/lv2.h:358:5: note: expanded from macro 'LV2_SYMBOL_EXPORT'
  358 |     LV2_SYMBOL_EXTERN __attribute__((visibility("default")))
      |     ^
jni/../../lv2-headers/lv2.h:345:29: note: expanded from macro 'LV2_SYMBOL_EXTERN'
  345 | #  define LV2_SYMBOL_EXTERN extern "C"
      |                             ^
In file included from jni/../plugin/gx_TubeDistortion.cpp:69:
In file included from jni/../dsp/zita-resampler-1.1.0/resampler.cc:25:
jni/../dsp/zita-resampler-1.1.0/zita-resampler/resampler.h:72:26: warning: private field '_dummy' is not used [-Wunused-private-field]
   72 |     void                *_dummy [8];
      |                          ^
In file included from jni/../plugin/gx_TubeDistortion.cpp:72:
jni/../dsp/TubeDistortion_in.cc:10:14: warning: private field 'fslider0' is not used [-Wunused-private-field]
   10 |         FAUSTFLOAT      fslider0;
      |                         ^
In file included from jni/../plugin/gx_TubeDistortion.cpp:74:
jni/../dsp/TubeDistortion_out.cc:10:14: warning: private field 'fslider0' is not used [-Wunused-private-field]
   10 |         FAUSTFLOAT      fslider0;
      |                         ^
jni/../plugin/gx_TubeDistortion.cpp:160:16: warning: private field 'sru' is not used [-Wunused-private-field]
  160 |   unsigned int sru;
      |                ^
7 warnings generated.
[armeabi-v7a] SharedLibrary  : libgx_TubeDistortion.so
[x86_64] SharedLibrary  : libgx_TubeDistortion.so
[armeabi-v7a] Install        : libgx_TubeDistortion.so => libs/armeabi-v7a/libgx_TubeDistortion.so
[arm64-v8a] SharedLibrary  : libgx_TubeDistortion.so
[x86_64] Install        : libgx_TubeDistortion.so => libs/x86_64/libgx_TubeDistortion.so
[x86] Compile++      : gx_TubeDistortion <= gx_TubeDistortion.cpp
In file included from jni/../plugin/gx_TubeDistortion.cpp:73:
jni/../dsp/TubeDistortion_clip.cc:167:15: warning: variable length arrays in C++ are a Clang extension [-Wvla-cxx-extension]
  167 |     float buf[rescount];
      |               ^~~~~~~~
jni/../dsp/TubeDistortion_clip.cc:167:15: note: read of non-const variable 'rescount' is not allowed in a constant expression
jni/../dsp/TubeDistortion_clip.cc:166:9: note: declared here
  166 |     int rescount = res.get_max_out_size(count);
      |         ^
jni/../plugin/gx_TubeDistortion.cpp:300:18: warning: variable length arrays in C++ are a Clang extension [-Wvla-cxx-extension]
  300 |   FAUSTFLOAT buf[ReCount];
      |                  ^~~~~~~
jni/../plugin/gx_TubeDistortion.cpp:300:18: note: read of non-const variable 'ReCount' is not allowed in a constant expression
jni/../plugin/gx_TubeDistortion.cpp:296:12: note: declared here
  296 |   uint32_t ReCount = n_samples;
      |            ^
jni/../plugin/gx_TubeDistortion.cpp:441:1: warning: duplicate 'extern' declaration specifier [-Wduplicate-decl-specifier]
  441 | LV2_SYMBOL_EXPORT
      | ^
jni/../../lv2-headers/lv2.h:358:5: note: expanded from macro 'LV2_SYMBOL_EXPORT'
  358 |     LV2_SYMBOL_EXTERN __attribute__((visibility("default")))
      |     ^
jni/../../lv2-headers/lv2.h:345:29: note: expanded from macro 'LV2_SYMBOL_EXTERN'
  345 | #  define LV2_SYMBOL_EXTERN extern "C"
      |                             ^
In file included from jni/../plugin/gx_TubeDistortion.cpp:69:
In file included from jni/../dsp/zita-resampler-1.1.0/resampler.cc:25:
jni/../dsp/zita-resampler-1.1.0/zita-resampler/resampler.h:72:26: warning: private field '_dummy' is not used [-Wunused-private-field]
   72 |     void                *_dummy [8];
      |                          ^
In file included from jni/../plugin/gx_TubeDistortion.cpp:72:
jni/../dsp/TubeDistortion_in.cc:10:14: warning: private field 'fslider0' is not used [-Wunused-private-field]
   10 |         FAUSTFLOAT      fslider0;
      |                         ^
In file included from jni/../plugin/gx_TubeDistortion.cpp:74:
jni/../dsp/TubeDistortion_out.cc:10:14: warning: private field 'fslider0' is not used [-Wunused-private-field]
   10 |         FAUSTFLOAT      fslider0;
      |                         ^
jni/../plugin/gx_TubeDistortion.cpp:160:16: warning: private field 'sru' is not used [-Wunused-private-field]
  160 |   unsigned int sru;
      |                ^
7 warnings generated.
[arm64-v8a] Install        : libgx_TubeDistortion.so => libs/arm64-v8a/libgx_TubeDistortion.so
[x86] SharedLibrary  : libgx_TubeDistortion.so
[x86] Install        : libgx_TubeDistortion.so => libs/x86/libgx_TubeDistortion.so
  ✓ Success (4 .so files generated)
Building GxUltraCab.lv2...
Android NDK: APP_PLATFORM not set. Defaulting to minimum supported version android-21.    
[x86] Compile++      : gx_ultracab <= gx_ultracab.cpp
jni/../plugin/gx_ultracab.cpp:207:18: warning: variable length arrays in C++ are a Clang extension [-Wvla-cxx-extension]
  207 |   FAUSTFLOAT buf[n_samples];
      |                  ^~~~~~~~~
jni/../plugin/gx_ultracab.cpp:207:18: note: function parameter 'n_samples' with unknown value cannot be used in a constant expression
jni/../plugin/gx_ultracab.cpp:205:38: note: declared here
  205 | void Gx_ultracab_::run_dsp_(uint32_t n_samples)
      |                                      ^
jni/../plugin/gx_ultracab.cpp:208:19: warning: variable length arrays in C++ are a Clang extension [-Wvla-cxx-extension]
  208 |   FAUSTFLOAT buf1[n_samples];
      |                   ^~~~~~~~~
jni/../plugin/gx_ultracab.cpp:208:19: note: function parameter 'n_samples' with unknown value cannot be used in a constant expression
jni/../plugin/gx_ultracab.cpp:205:38: note: declared here
  205 | void Gx_ultracab_::run_dsp_(uint32_t n_samples)
      |                                      ^
jni/../plugin/gx_ultracab.cpp:356:1: warning: duplicate 'extern' declaration specifier [-Wduplicate-decl-specifier]
  356 | LV2_SYMBOL_EXPORT
      | ^
jni/../../lv2-headers/lv2.h:358:5: note: expanded from macro 'LV2_SYMBOL_EXPORT'
  358 |     LV2_SYMBOL_EXTERN __attribute__((visibility("default")))
      |     ^
jni/../../lv2-headers/lv2.h:345:29: note: expanded from macro 'LV2_SYMBOL_EXTERN'
  345 | #  define LV2_SYMBOL_EXTERN extern "C"
      |                             ^
In file included from jni/../plugin/gx_ultracab.cpp:68:
jni/../dsp/ultracab.cc:12:14: warning: private field 'fslider0' is not used [-Wunused-private-field]
   12 |         FAUSTFLOAT      fslider0;
      |                         ^
jni/../dsp/ultracab.cc:20:14: warning: private field 'fslider1' is not used [-Wunused-private-field]
   20 |         FAUSTFLOAT      fslider1;
      |                         ^
jni/../dsp/ultracab.cc:56:14: warning: private field 'fslider2' is not used [-Wunused-private-field]
   56 |         FAUSTFLOAT      fslider2;
      |                         ^
jni/../dsp/ultracab.cc:63:14: warning: private field 'fslider3' is not used [-Wunused-private-field]
   63 |         FAUSTFLOAT      fslider3;
      |                         ^
jni/../dsp/ultracab.cc:83:14: warning: private field 'fslider4' is not used [-Wunused-private-field]
   83 |         FAUSTFLOAT      fslider4;
      |                         ^
jni/../dsp/ultracab.cc:90:14: warning: private field 'fslider5' is not used [-Wunused-private-field]
   90 |         FAUSTFLOAT      fslider5;
      |                         ^
9 warnings generated.
[x86] SharedLibrary  : libgx_ultracab.so
[x86] Install        : libgx_ultracab.so => libs/x86/libgx_ultracab.so
[x86_64] Compile++      : gx_ultracab <= gx_ultracab.cpp
jni/../plugin/gx_ultracab.cpp:207:18: warning: variable length arrays in C++ are a Clang extension [-Wvla-cxx-extension]
  207 |   FAUSTFLOAT buf[n_samples];
      |                  ^~~~~~~~~
jni/../plugin/gx_ultracab.cpp:207:18: note: function parameter 'n_samples' with unknown value cannot be used in a constant expression
jni/../plugin/gx_ultracab.cpp:205:38: note: declared here
  205 | void Gx_ultracab_::run_dsp_(uint32_t n_samples)
      |                                      ^
jni/../plugin/gx_ultracab.cpp:208:19: warning: variable length arrays in C++ are a Clang extension [-Wvla-cxx-extension]
  208 |   FAUSTFLOAT buf1[n_samples];
      |                   ^~~~~~~~~
jni/../plugin/gx_ultracab.cpp:208:19: note: function parameter 'n_samples' with unknown value cannot be used in a constant expression
jni/../plugin/gx_ultracab.cpp:205:38: note: declared here
  205 | void Gx_ultracab_::run_dsp_(uint32_t n_samples)
      |                                      ^
jni/../plugin/gx_ultracab.cpp:356:1: warning: duplicate 'extern' declaration specifier [-Wduplicate-decl-specifier]
  356 | LV2_SYMBOL_EXPORT
      | ^
jni/../../lv2-headers/lv2.h:358:5: note: expanded from macro 'LV2_SYMBOL_EXPORT'
  358 |     LV2_SYMBOL_EXTERN __attribute__((visibility("default")))
      |     ^
jni/../../lv2-headers/lv2.h:345:29: note: expanded from macro 'LV2_SYMBOL_EXTERN'
  345 | #  define LV2_SYMBOL_EXTERN extern "C"
      |                             ^
In file included from jni/../plugin/gx_ultracab.cpp:68:
jni/../dsp/ultracab.cc:12:14: warning: private field 'fslider0' is not used [-Wunused-private-field]
   12 |         FAUSTFLOAT      fslider0;
      |                         ^
jni/../dsp/ultracab.cc:20:14: warning: private field 'fslider1' is not used [-Wunused-private-field]
   20 |         FAUSTFLOAT      fslider1;
      |                         ^
jni/../dsp/ultracab.cc:56:14: warning: private field 'fslider2' is not used [-Wunused-private-field]
   56 |         FAUSTFLOAT      fslider2;
      |                         ^
jni/../dsp/ultracab.cc:63:14: warning: private field 'fslider3' is not used [-Wunused-private-field]
   63 |         FAUSTFLOAT      fslider3;
      |                         ^
jni/../dsp/ultracab.cc:83:14: warning: private field 'fslider4' is not used [-Wunused-private-field]
   83 |         FAUSTFLOAT      fslider4;
      |                         ^
jni/../dsp/ultracab.cc:90:14: warning: private field 'fslider5' is not used [-Wunused-private-field]
   90 |         FAUSTFLOAT      fslider5;
      |                         ^
9 warnings generated.
[x86_64] SharedLibrary  : libgx_ultracab.so
[x86_64] Install        : libgx_ultracab.so => libs/x86_64/libgx_ultracab.so
[arm64-v8a] Compile++      : gx_ultracab <= gx_ultracab.cpp
jni/../plugin/gx_ultracab.cpp:207:18: warning: variable length arrays in C++ are a Clang extension [-Wvla-cxx-extension]
  207 |   FAUSTFLOAT buf[n_samples];
      |                  ^~~~~~~~~
jni/../plugin/gx_ultracab.cpp:207:18: note: function parameter 'n_samples' with unknown value cannot be used in a constant expression
jni/../plugin/gx_ultracab.cpp:205:38: note: declared here
  205 | void Gx_ultracab_::run_dsp_(uint32_t n_samples)
      |                                      ^
jni/../plugin/gx_ultracab.cpp:208:19: warning: variable length arrays in C++ are a Clang extension [-Wvla-cxx-extension]
  208 |   FAUSTFLOAT buf1[n_samples];
      |                   ^~~~~~~~~
jni/../plugin/gx_ultracab.cpp:208:19: note: function parameter 'n_samples' with unknown value cannot be used in a constant expression
jni/../plugin/gx_ultracab.cpp:205:38: note: declared here
  205 | void Gx_ultracab_::run_dsp_(uint32_t n_samples)
      |                                      ^
jni/../plugin/gx_ultracab.cpp:356:1: warning: duplicate 'extern' declaration specifier [-Wduplicate-decl-specifier]
  356 | LV2_SYMBOL_EXPORT
      | ^
jni/../../lv2-headers/lv2.h:358:5: note: expanded from macro 'LV2_SYMBOL_EXPORT'
  358 |     LV2_SYMBOL_EXTERN __attribute__((visibility("default")))
      |     ^
jni/../../lv2-headers/lv2.h:345:29: note: expanded from macro 'LV2_SYMBOL_EXTERN'
  345 | #  define LV2_SYMBOL_EXTERN extern "C"
      |                             ^
In file included from jni/../plugin/gx_ultracab.cpp:68:
jni/../dsp/ultracab.cc:12:14: warning: private field 'fslider0' is not used [-Wunused-private-field]
   12 |         FAUSTFLOAT      fslider0;
      |                         ^
jni/../dsp/ultracab.cc:20:14: warning: private field 'fslider1' is not used [-Wunused-private-field]
   20 |         FAUSTFLOAT      fslider1;
      |                         ^
jni/../dsp/ultracab.cc:56:14: warning: private field 'fslider2' is not used [-Wunused-private-field]
   56 |         FAUSTFLOAT      fslider2;
      |                         ^
jni/../dsp/ultracab.cc:63:14: warning: private field 'fslider3' is not used [-Wunused-private-field]
   63 |         FAUSTFLOAT      fslider3;
      |                         ^
jni/../dsp/ultracab.cc:83:14: warning: private field 'fslider4' is not used [-Wunused-private-field]
   83 |         FAUSTFLOAT      fslider4;
      |                         ^
jni/../dsp/ultracab.cc:90:14: warning: private field 'fslider5' is not used [-Wunused-private-field]
   90 |         FAUSTFLOAT      fslider5;
      |                         ^
9 warnings generated.
[arm64-v8a] SharedLibrary  : libgx_ultracab.so
[arm64-v8a] Install        : libgx_ultracab.so => libs/arm64-v8a/libgx_ultracab.so
[armeabi-v7a] Compile++ thumb: gx_ultracab <= gx_ultracab.cpp
jni/../plugin/gx_ultracab.cpp:207:18: warning: variable length arrays in C++ are a Clang extension [-Wvla-cxx-extension]
  207 |   FAUSTFLOAT buf[n_samples];
      |                  ^~~~~~~~~
jni/../plugin/gx_ultracab.cpp:207:18: note: function parameter 'n_samples' with unknown value cannot be used in a constant expression
jni/../plugin/gx_ultracab.cpp:205:38: note: declared here
  205 | void Gx_ultracab_::run_dsp_(uint32_t n_samples)
      |                                      ^
jni/../plugin/gx_ultracab.cpp:208:19: warning: variable length arrays in C++ are a Clang extension [-Wvla-cxx-extension]
  208 |   FAUSTFLOAT buf1[n_samples];
      |                   ^~~~~~~~~
jni/../plugin/gx_ultracab.cpp:208:19: note: function parameter 'n_samples' with unknown value cannot be used in a constant expression
jni/../plugin/gx_ultracab.cpp:205:38: note: declared here
  205 | void Gx_ultracab_::run_dsp_(uint32_t n_samples)
      |                                      ^
jni/../plugin/gx_ultracab.cpp:356:1: warning: duplicate 'extern' declaration specifier [-Wduplicate-decl-specifier]
  356 | LV2_SYMBOL_EXPORT
      | ^
jni/../../lv2-headers/lv2.h:358:5: note: expanded from macro 'LV2_SYMBOL_EXPORT'
  358 |     LV2_SYMBOL_EXTERN __attribute__((visibility("default")))
      |     ^
jni/../../lv2-headers/lv2.h:345:29: note: expanded from macro 'LV2_SYMBOL_EXTERN'
  345 | #  define LV2_SYMBOL_EXTERN extern "C"
      |                             ^
In file included from jni/../plugin/gx_ultracab.cpp:68:
jni/../dsp/ultracab.cc:12:14: warning: private field 'fslider0' is not used [-Wunused-private-field]
   12 |         FAUSTFLOAT      fslider0;
      |                         ^
jni/../dsp/ultracab.cc:20:14: warning: private field 'fslider1' is not used [-Wunused-private-field]
   20 |         FAUSTFLOAT      fslider1;
      |                         ^
jni/../dsp/ultracab.cc:56:14: warning: private field 'fslider2' is not used [-Wunused-private-field]
   56 |         FAUSTFLOAT      fslider2;
      |                         ^
jni/../dsp/ultracab.cc:63:14: warning: private field 'fslider3' is not used [-Wunused-private-field]
   63 |         FAUSTFLOAT      fslider3;
      |                         ^
jni/../dsp/ultracab.cc:83:14: warning: private field 'fslider4' is not used [-Wunused-private-field]
   83 |         FAUSTFLOAT      fslider4;
      |                         ^
jni/../dsp/ultracab.cc:90:14: warning: private field 'fslider5' is not used [-Wunused-private-field]
   90 |         FAUSTFLOAT      fslider5;
      |                         ^
9 warnings generated.
[armeabi-v7a] SharedLibrary  : libgx_ultracab.so
[armeabi-v7a] Install        : libgx_ultracab.so => libs/armeabi-v7a/libgx_ultracab.so
  ✓ Success (4 .so files generated)
Building GxUVox720k.lv2...
Android NDK: APP_PLATFORM not set. Defaulting to minimum supported version android-21.    
[x86] Compile++      : gx_uvox <= gx_uvox.cpp
jni/../plugin/gx_uvox.cpp:251:1: warning: duplicate 'extern' declaration specifier [-Wduplicate-decl-specifier]
  251 | LV2_SYMBOL_EXPORT
      | ^
jni/../../lv2-headers/lv2.h:358:5: note: expanded from macro 'LV2_SYMBOL_EXPORT'
  358 |     LV2_SYMBOL_EXTERN __attribute__((visibility("default")))
      |     ^
jni/../../lv2-headers/lv2.h:345:29: note: expanded from macro 'LV2_SYMBOL_EXTERN'
  345 | #  define LV2_SYMBOL_EXTERN extern "C"
      |                             ^
In file included from jni/../plugin/gx_uvox.cpp:68:
jni/../dsp/uvox.cc:72:14: warning: private field 'fslider0' is not used [-Wunused-private-field]
   72 |         FAUSTFLOAT      fslider0;
      |                         ^
jni/../dsp/uvox.cc:83:14: warning: private field 'fslider1' is not used [-Wunused-private-field]
   83 |         FAUSTFLOAT      fslider1;
      |                         ^
jni/../dsp/uvox.cc:91:14: warning: private field 'fslider2' is not used [-Wunused-private-field]
   91 |         FAUSTFLOAT      fslider2;
      |                         ^
jni/../dsp/uvox.cc:261:14: warning: private field 'fslider3' is not used [-Wunused-private-field]
  261 |         FAUSTFLOAT      fslider3;
      |                         ^
jni/../dsp/uvox.cc:268:14: warning: private field 'fslider4' is not used [-Wunused-private-field]
  268 |         FAUSTFLOAT      fslider4;
      |                         ^
jni/../dsp/uvox.cc:295:14: warning: private field 'fslider5' is not used [-Wunused-private-field]
  295 |         FAUSTFLOAT      fslider5;
      |                         ^
jni/../dsp/uvox.cc:304:14: warning: private field 'fslider6' is not used [-Wunused-private-field]
  304 |         FAUSTFLOAT      fslider6;
      |                         ^
8 warnings generated.
[x86] SharedLibrary  : libgx_uvox.so
[x86] Install        : libgx_uvox.so => libs/x86/libgx_uvox.so
[x86_64] Compile++      : gx_uvox <= gx_uvox.cpp
jni/../plugin/gx_uvox.cpp:251:1: warning: duplicate 'extern' declaration specifier [-Wduplicate-decl-specifier]
  251 | LV2_SYMBOL_EXPORT
      | ^
jni/../../lv2-headers/lv2.h:358:5: note: expanded from macro 'LV2_SYMBOL_EXPORT'
  358 |     LV2_SYMBOL_EXTERN __attribute__((visibility("default")))
      |     ^
jni/../../lv2-headers/lv2.h:345:29: note: expanded from macro 'LV2_SYMBOL_EXTERN'
  345 | #  define LV2_SYMBOL_EXTERN extern "C"
      |                             ^
In file included from jni/../plugin/gx_uvox.cpp:68:
jni/../dsp/uvox.cc:72:14: warning: private field 'fslider0' is not used [-Wunused-private-field]
   72 |         FAUSTFLOAT      fslider0;
      |                         ^
jni/../dsp/uvox.cc:83:14: warning: private field 'fslider1' is not used [-Wunused-private-field]
   83 |         FAUSTFLOAT      fslider1;
      |                         ^
jni/../dsp/uvox.cc:91:14: warning: private field 'fslider2' is not used [-Wunused-private-field]
   91 |         FAUSTFLOAT      fslider2;
      |                         ^
jni/../dsp/uvox.cc:261:14: warning: private field 'fslider3' is not used [-Wunused-private-field]
  261 |         FAUSTFLOAT      fslider3;
      |                         ^
jni/../dsp/uvox.cc:268:14: warning: private field 'fslider4' is not used [-Wunused-private-field]
  268 |         FAUSTFLOAT      fslider4;
      |                         ^
jni/../dsp/uvox.cc:295:14: warning: private field 'fslider5' is not used [-Wunused-private-field]
  295 |         FAUSTFLOAT      fslider5;
      |                         ^
jni/../dsp/uvox.cc:304:14: warning: private field 'fslider6' is not used [-Wunused-private-field]
  304 |         FAUSTFLOAT      fslider6;
      |                         ^
8 warnings generated.
[armeabi-v7a] Compile++ thumb: gx_uvox <= gx_uvox.cpp
jni/../plugin/gx_uvox.cpp:251:1: warning: duplicate 'extern' declaration specifier [-Wduplicate-decl-specifier]
  251 | LV2_SYMBOL_EXPORT
      | ^
jni/../../lv2-headers/lv2.h:358:5: note: expanded from macro 'LV2_SYMBOL_EXPORT'
  358 |     LV2_SYMBOL_EXTERN __attribute__((visibility("default")))
      |     ^
jni/../../lv2-headers/lv2.h:345:29: note: expanded from macro 'LV2_SYMBOL_EXTERN'
  345 | #  define LV2_SYMBOL_EXTERN extern "C"
      |                             ^
In file included from jni/../plugin/gx_uvox.cpp:68:
jni/../dsp/uvox.cc:72:14: warning: private field 'fslider0' is not used [-Wunused-private-field]
   72 |         FAUSTFLOAT      fslider0;
      |                         ^
jni/../dsp/uvox.cc:83:14: warning: private field 'fslider1' is not used [-Wunused-private-field]
   83 |         FAUSTFLOAT      fslider1;
      |                         ^
jni/../dsp/uvox.cc:91:14: warning: private field 'fslider2' is not used [-Wunused-private-field]
   91 |         FAUSTFLOAT      fslider2;
      |                         ^
jni/../dsp/uvox.cc:261:14: warning: private field 'fslider3' is not used [-Wunused-private-field]
  261 |         FAUSTFLOAT      fslider3;
      |                         ^
jni/../dsp/uvox.cc:268:14: warning: private field 'fslider4' is not used [-Wunused-private-field]
  268 |         FAUSTFLOAT      fslider4;
      |                         ^
jni/../dsp/uvox.cc:295:14: warning: private field 'fslider5' is not used [-Wunused-private-field]
  295 |         FAUSTFLOAT      fslider5;
      |                         ^
jni/../dsp/uvox.cc:304:14: warning: private field 'fslider6' is not used [-Wunused-private-field]
  304 |         FAUSTFLOAT      fslider6;
      |                         ^
8 warnings generated.
[arm64-v8a] Compile++      : gx_uvox <= gx_uvox.cpp
jni/../plugin/gx_uvox.cpp:251:1: warning: duplicate 'extern' declaration specifier [-Wduplicate-decl-specifier]
  251 | LV2_SYMBOL_EXPORT
      | ^
jni/../../lv2-headers/lv2.h:358:5: note: expanded from macro 'LV2_SYMBOL_EXPORT'
  358 |     LV2_SYMBOL_EXTERN __attribute__((visibility("default")))
      |     ^
jni/../../lv2-headers/lv2.h:345:29: note: expanded from macro 'LV2_SYMBOL_EXTERN'
  345 | #  define LV2_SYMBOL_EXTERN extern "C"
      |                             ^
In file included from jni/../plugin/gx_uvox.cpp:68:
jni/../dsp/uvox.cc:72:14: warning: private field 'fslider0' is not used [-Wunused-private-field]
   72 |         FAUSTFLOAT      fslider0;
      |                         ^
jni/../dsp/uvox.cc:83:14: warning: private field 'fslider1' is not used [-Wunused-private-field]
   83 |         FAUSTFLOAT      fslider1;
      |                         ^
jni/../dsp/uvox.cc:91:14: warning: private field 'fslider2' is not used [-Wunused-private-field]
   91 |         FAUSTFLOAT      fslider2;
      |                         ^
jni/../dsp/uvox.cc:261:14: warning: private field 'fslider3' is not used [-Wunused-private-field]
  261 |         FAUSTFLOAT      fslider3;
      |                         ^
jni/../dsp/uvox.cc:268:14: warning: private field 'fslider4' is not used [-Wunused-private-field]
  268 |         FAUSTFLOAT      fslider4;
      |                         ^
jni/../dsp/uvox.cc:295:14: warning: private field 'fslider5' is not used [-Wunused-private-field]
  295 |         FAUSTFLOAT      fslider5;
      |                         ^
jni/../dsp/uvox.cc:304:14: warning: private field 'fslider6' is not used [-Wunused-private-field]
  304 |         FAUSTFLOAT      fslider6;
      |                         ^
8 warnings generated.
[x86_64] SharedLibrary  : libgx_uvox.so
[x86_64] Install        : libgx_uvox.so => libs/x86_64/libgx_uvox.so
[armeabi-v7a] SharedLibrary  : libgx_uvox.so
[armeabi-v7a] Install        : libgx_uvox.so => libs/armeabi-v7a/libgx_uvox.so
[arm64-v8a] SharedLibrary  : libgx_uvox.so
[arm64-v8a] Install        : libgx_uvox.so => libs/arm64-v8a/libgx_uvox.so
  ✓ Success (4 .so files generated)
Building GxValveCaster.lv2...
Android NDK: APP_PLATFORM not set. Defaulting to minimum supported version android-21.    
[armeabi-v7a] Compile++ thumb: gx_valvecaster <= gx_valvecaster.cpp
jni/../plugin/gx_valvecaster.cpp:303:18: warning: variable length arrays in C++ are a Clang extension [-Wvla-cxx-extension]
  303 |   FAUSTFLOAT buf[ReCount];
      |                  ^~~~~~~
jni/../plugin/gx_valvecaster.cpp:303:18: note: read of non-const variable 'ReCount' is not allowed in a constant expression
jni/../plugin/gx_valvecaster.cpp:299:12: note: declared here
  299 |   uint32_t ReCount = n_samples;
      |            ^
jni/../plugin/gx_valvecaster.cpp:309:19: warning: variable length arrays in C++ are a Clang extension [-Wvla-cxx-extension]
  309 |   FAUSTFLOAT buf1[ReCount];
      |                   ^~~~~~~
jni/../plugin/gx_valvecaster.cpp:309:19: note: read of non-const variable 'ReCount' is not allowed in a constant expression
jni/../plugin/gx_valvecaster.cpp:299:12: note: declared here
  299 |   uint32_t ReCount = n_samples;
      |            ^
jni/../plugin/gx_valvecaster.cpp:390:21: warning: variable length arrays in C++ are a Clang extension [-Wvla-cxx-extension]
  390 |     FAUSTFLOAT buf2[ReCount];
      |                     ^~~~~~~
jni/../plugin/gx_valvecaster.cpp:390:21: note: read of non-const variable 'ReCount' is not allowed in a constant expression
jni/../plugin/gx_valvecaster.cpp:299:12: note: declared here
  299 |   uint32_t ReCount = n_samples;
      |            ^
jni/../plugin/gx_valvecaster.cpp:421:21: warning: variable length arrays in C++ are a Clang extension [-Wvla-cxx-extension]
  421 |     FAUSTFLOAT buf2[ReCount];
      |                     ^~~~~~~
jni/../plugin/gx_valvecaster.cpp:421:21: note: read of non-const variable 'ReCount' is not allowed in a constant expression
jni/../plugin/gx_valvecaster.cpp:299:12: note: declared here
  299 |   uint32_t ReCount = n_samples;
      |            ^
jni/../plugin/gx_valvecaster.cpp:531:1: warning: duplicate 'extern' declaration specifier [-Wduplicate-decl-specifier]
  531 | LV2_SYMBOL_EXPORT
      | ^
jni/../../lv2-headers/lv2.h:358:5: note: expanded from macro 'LV2_SYMBOL_EXPORT'
  358 |     LV2_SYMBOL_EXTERN __attribute__((visibility("default")))
      |     ^
jni/../../lv2-headers/lv2.h:345:29: note: expanded from macro 'LV2_SYMBOL_EXTERN'
  345 | #  define LV2_SYMBOL_EXTERN extern "C"
      |                             ^
In file included from jni/../plugin/gx_valvecaster.cpp:69:
In file included from jni/../dsp/zita-resampler-1.1.0/resampler.cc:25:
jni/../dsp/zita-resampler-1.1.0/zita-resampler/resampler.h:72:26: warning: private field '_dummy' is not used [-Wunused-private-field]
   72 |     void                *_dummy [8];
      |                          ^
In file included from jni/../plugin/gx_valvecaster.cpp:72:
jni/../dsp/valvecaster.cc:11:14: warning: private field 'fslider0' is not used [-Wunused-private-field]
   11 |         FAUSTFLOAT      fslider0;
      |                         ^
jni/../dsp/valvecaster.cc:23:14: warning: private field 'fslider1' is not used [-Wunused-private-field]
   23 |         FAUSTFLOAT      fslider1;
      |                         ^
jni/../dsp/valvecaster.cc:53:14: warning: private field 'fsliderV0' is not used [-Wunused-private-field]
   53 |         FAUSTFLOAT      fsliderV0;
      |                         ^
In file included from jni/../plugin/gx_valvecaster.cpp:73:
jni/../dsp/valvecasterbuster.cc:18:14: warning: private field 'fslider0' is not used [-Wunused-private-field]
   18 |         FAUSTFLOAT      fslider0;
      |                         ^
10 warnings generated.
[arm64-v8a] Compile++      : gx_valvecaster <= gx_valvecaster.cpp
jni/../plugin/gx_valvecaster.cpp:303:18: warning: variable length arrays in C++ are a Clang extension [-Wvla-cxx-extension]
  303 |   FAUSTFLOAT buf[ReCount];
      |                  ^~~~~~~
jni/../plugin/gx_valvecaster.cpp:303:18: note: read of non-const variable 'ReCount' is not allowed in a constant expression
jni/../plugin/gx_valvecaster.cpp:299:12: note: declared here
  299 |   uint32_t ReCount = n_samples;
      |            ^
jni/../plugin/gx_valvecaster.cpp:309:19: warning: variable length arrays in C++ are a Clang extension [-Wvla-cxx-extension]
  309 |   FAUSTFLOAT buf1[ReCount];
      |                   ^~~~~~~
jni/../plugin/gx_valvecaster.cpp:309:19: note: read of non-const variable 'ReCount' is not allowed in a constant expression
jni/../plugin/gx_valvecaster.cpp:299:12: note: declared here
  299 |   uint32_t ReCount = n_samples;
      |            ^
jni/../plugin/gx_valvecaster.cpp:390:21: warning: variable length arrays in C++ are a Clang extension [-Wvla-cxx-extension]
  390 |     FAUSTFLOAT buf2[ReCount];
      |                     ^~~~~~~
jni/../plugin/gx_valvecaster.cpp:390:21: note: read of non-const variable 'ReCount' is not allowed in a constant expression
jni/../plugin/gx_valvecaster.cpp:299:12: note: declared here
  299 |   uint32_t ReCount = n_samples;
      |            ^
jni/../plugin/gx_valvecaster.cpp:421:21: warning: variable length arrays in C++ are a Clang extension [-Wvla-cxx-extension]
  421 |     FAUSTFLOAT buf2[ReCount];
      |                     ^~~~~~~
jni/../plugin/gx_valvecaster.cpp:421:21: note: read of non-const variable 'ReCount' is not allowed in a constant expression
jni/../plugin/gx_valvecaster.cpp:299:12: note: declared here
  299 |   uint32_t ReCount = n_samples;
      |            ^
jni/../plugin/gx_valvecaster.cpp:531:1: warning: duplicate 'extern' declaration specifier [-Wduplicate-decl-specifier]
  531 | LV2_SYMBOL_EXPORT
      | ^
jni/../../lv2-headers/lv2.h:358:5: note: expanded from macro 'LV2_SYMBOL_EXPORT'
  358 |     LV2_SYMBOL_EXTERN __attribute__((visibility("default")))
      |     ^
jni/../../lv2-headers/lv2.h:345:29: note: expanded from macro 'LV2_SYMBOL_EXTERN'
  345 | #  define LV2_SYMBOL_EXTERN extern "C"
      |                             ^
In file included from jni/../plugin/gx_valvecaster.cpp:69:
In file included from jni/../dsp/zita-resampler-1.1.0/resampler.cc:25:
jni/../dsp/zita-resampler-1.1.0/zita-resampler/resampler.h:72:26: warning: private field '_dummy' is not used [-Wunused-private-field]
   72 |     void                *_dummy [8];
      |                          ^
In file included from jni/../plugin/gx_valvecaster.cpp:72:
jni/../dsp/valvecaster.cc:11:14: warning: private field 'fslider0' is not used [-Wunused-private-field]
   11 |         FAUSTFLOAT      fslider0;
      |                         ^
jni/../dsp/valvecaster.cc:23:14: warning: private field 'fslider1' is not used [-Wunused-private-field]
   23 |         FAUSTFLOAT      fslider1;
      |                         ^
jni/../dsp/valvecaster.cc:53:14: warning: private field 'fsliderV0' is not used [-Wunused-private-field]
   53 |         FAUSTFLOAT      fsliderV0;
      |                         ^
In file included from jni/../plugin/gx_valvecaster.cpp:73:
jni/../dsp/valvecasterbuster.cc:18:14: warning: private field 'fslider0' is not used [-Wunused-private-field]
   18 |         FAUSTFLOAT      fslider0;
      |                         ^
10 warnings generated.
[x86_64] Compile++      : gx_valvecaster <= gx_valvecaster.cpp
jni/../plugin/gx_valvecaster.cpp:303:18: warning: variable length arrays in C++ are a Clang extension [-Wvla-cxx-extension]
  303 |   FAUSTFLOAT buf[ReCount];
      |                  ^~~~~~~
jni/../plugin/gx_valvecaster.cpp:303:18: note: read of non-const variable 'ReCount' is not allowed in a constant expression
jni/../plugin/gx_valvecaster.cpp:299:12: note: declared here
  299 |   uint32_t ReCount = n_samples;
      |            ^
jni/../plugin/gx_valvecaster.cpp:309:19: warning: variable length arrays in C++ are a Clang extension [-Wvla-cxx-extension]
  309 |   FAUSTFLOAT buf1[ReCount];
      |                   ^~~~~~~
jni/../plugin/gx_valvecaster.cpp:309:19: note: read of non-const variable 'ReCount' is not allowed in a constant expression
jni/../plugin/gx_valvecaster.cpp:299:12: note: declared here
  299 |   uint32_t ReCount = n_samples;
      |            ^
jni/../plugin/gx_valvecaster.cpp:390:21: warning: variable length arrays in C++ are a Clang extension [-Wvla-cxx-extension]
  390 |     FAUSTFLOAT buf2[ReCount];
      |                     ^~~~~~~
jni/../plugin/gx_valvecaster.cpp:390:21: note: read of non-const variable 'ReCount' is not allowed in a constant expression
jni/../plugin/gx_valvecaster.cpp:299:12: note: declared here
  299 |   uint32_t ReCount = n_samples;
      |            ^
jni/../plugin/gx_valvecaster.cpp:421:21: warning: variable length arrays in C++ are a Clang extension [-Wvla-cxx-extension]
  421 |     FAUSTFLOAT buf2[ReCount];
      |                     ^~~~~~~
jni/../plugin/gx_valvecaster.cpp:421:21: note: read of non-const variable 'ReCount' is not allowed in a constant expression
jni/../plugin/gx_valvecaster.cpp:299:12: note: declared here
  299 |   uint32_t ReCount = n_samples;
      |            ^
jni/../plugin/gx_valvecaster.cpp:531:1: warning: duplicate 'extern' declaration specifier [-Wduplicate-decl-specifier]
  531 | LV2_SYMBOL_EXPORT
      | ^
jni/../../lv2-headers/lv2.h:358:5: note: expanded from macro 'LV2_SYMBOL_EXPORT'
  358 |     LV2_SYMBOL_EXTERN __attribute__((visibility("default")))
      |     ^
jni/../../lv2-headers/lv2.h:345:29: note: expanded from macro 'LV2_SYMBOL_EXTERN'
  345 | #  define LV2_SYMBOL_EXTERN extern "C"
      |                             ^
In file included from jni/../plugin/gx_valvecaster.cpp:69:
In file included from jni/../dsp/zita-resampler-1.1.0/resampler.cc:25:
jni/../dsp/zita-resampler-1.1.0/zita-resampler/resampler.h:72:26: warning: private field '_dummy' is not used [-Wunused-private-field]
   72 |     void                *_dummy [8];
      |                          ^
In file included from jni/../plugin/gx_valvecaster.cpp:72:
jni/../dsp/valvecaster.cc:11:14: warning: private field 'fslider0' is not used [-Wunused-private-field]
   11 |         FAUSTFLOAT      fslider0;
      |                         ^
jni/../dsp/valvecaster.cc:23:14: warning: private field 'fslider1' is not used [-Wunused-private-field]
   23 |         FAUSTFLOAT      fslider1;
      |                         ^
jni/../dsp/valvecaster.cc:53:14: warning: private field 'fsliderV0' is not used [-Wunused-private-field]
   53 |         FAUSTFLOAT      fsliderV0;
      |                         ^
In file included from jni/../plugin/gx_valvecaster.cpp:73:
jni/../dsp/valvecasterbuster.cc:18:14: warning: private field 'fslider0' is not used [-Wunused-private-field]
   18 |         FAUSTFLOAT      fslider0;
      |                         ^
10 warnings generated.
[armeabi-v7a] SharedLibrary  : libgx_valvecaster.so
[x86_64] SharedLibrary  : libgx_valvecaster.so
[armeabi-v7a] Install        : libgx_valvecaster.so => libs/armeabi-v7a/libgx_valvecaster.so
[arm64-v8a] SharedLibrary  : libgx_valvecaster.so
[x86_64] Install        : libgx_valvecaster.so => libs/x86_64/libgx_valvecaster.so
[arm64-v8a] Install        : libgx_valvecaster.so => libs/arm64-v8a/libgx_valvecaster.so
[x86] Compile++      : gx_valvecaster <= gx_valvecaster.cpp
jni/../plugin/gx_valvecaster.cpp:303:18: warning: variable length arrays in C++ are a Clang extension [-Wvla-cxx-extension]
  303 |   FAUSTFLOAT buf[ReCount];
      |                  ^~~~~~~
jni/../plugin/gx_valvecaster.cpp:303:18: note: read of non-const variable 'ReCount' is not allowed in a constant expression
jni/../plugin/gx_valvecaster.cpp:299:12: note: declared here
  299 |   uint32_t ReCount = n_samples;
      |            ^
jni/../plugin/gx_valvecaster.cpp:309:19: warning: variable length arrays in C++ are a Clang extension [-Wvla-cxx-extension]
  309 |   FAUSTFLOAT buf1[ReCount];
      |                   ^~~~~~~
jni/../plugin/gx_valvecaster.cpp:309:19: note: read of non-const variable 'ReCount' is not allowed in a constant expression
jni/../plugin/gx_valvecaster.cpp:299:12: note: declared here
  299 |   uint32_t ReCount = n_samples;
      |            ^
jni/../plugin/gx_valvecaster.cpp:390:21: warning: variable length arrays in C++ are a Clang extension [-Wvla-cxx-extension]
  390 |     FAUSTFLOAT buf2[ReCount];
      |                     ^~~~~~~
jni/../plugin/gx_valvecaster.cpp:390:21: note: read of non-const variable 'ReCount' is not allowed in a constant expression
jni/../plugin/gx_valvecaster.cpp:299:12: note: declared here
  299 |   uint32_t ReCount = n_samples;
      |            ^
jni/../plugin/gx_valvecaster.cpp:421:21: warning: variable length arrays in C++ are a Clang extension [-Wvla-cxx-extension]
  421 |     FAUSTFLOAT buf2[ReCount];
      |                     ^~~~~~~
jni/../plugin/gx_valvecaster.cpp:421:21: note: read of non-const variable 'ReCount' is not allowed in a constant expression
jni/../plugin/gx_valvecaster.cpp:299:12: note: declared here
  299 |   uint32_t ReCount = n_samples;
      |            ^
jni/../plugin/gx_valvecaster.cpp:531:1: warning: duplicate 'extern' declaration specifier [-Wduplicate-decl-specifier]
  531 | LV2_SYMBOL_EXPORT
      | ^
jni/../../lv2-headers/lv2.h:358:5: note: expanded from macro 'LV2_SYMBOL_EXPORT'
  358 |     LV2_SYMBOL_EXTERN __attribute__((visibility("default")))
      |     ^
jni/../../lv2-headers/lv2.h:345:29: note: expanded from macro 'LV2_SYMBOL_EXTERN'
  345 | #  define LV2_SYMBOL_EXTERN extern "C"
      |                             ^
In file included from jni/../plugin/gx_valvecaster.cpp:69:
In file included from jni/../dsp/zita-resampler-1.1.0/resampler.cc:25:
jni/../dsp/zita-resampler-1.1.0/zita-resampler/resampler.h:72:26: warning: private field '_dummy' is not used [-Wunused-private-field]
   72 |     void                *_dummy [8];
      |                          ^
In file included from jni/../plugin/gx_valvecaster.cpp:72:
jni/../dsp/valvecaster.cc:11:14: warning: private field 'fslider0' is not used [-Wunused-private-field]
   11 |         FAUSTFLOAT      fslider0;
      |                         ^
jni/../dsp/valvecaster.cc:23:14: warning: private field 'fslider1' is not used [-Wunused-private-field]
   23 |         FAUSTFLOAT      fslider1;
      |                         ^
jni/../dsp/valvecaster.cc:53:14: warning: private field 'fsliderV0' is not used [-Wunused-private-field]
   53 |         FAUSTFLOAT      fsliderV0;
      |                         ^
In file included from jni/../plugin/gx_valvecaster.cpp:73:
jni/../dsp/valvecasterbuster.cc:18:14: warning: private field 'fslider0' is not used [-Wunused-private-field]
   18 |         FAUSTFLOAT      fslider0;
      |                         ^
10 warnings generated.
[x86] SharedLibrary  : libgx_valvecaster.so
[x86] Install        : libgx_valvecaster.so => libs/x86/libgx_valvecaster.so
  ✓ Success (4 .so files generated)
Building GxVBassPreAmp.lv2...
Android NDK: APP_PLATFORM not set. Defaulting to minimum supported version android-21.    
[x86] Compile++      : gx_voxbass <= gx_voxbass.cpp
In file included from jni/../plugin/gx_voxbass.cpp:71:
jni/../dsp/voxbass.cc:958:17: warning: variable length arrays in C++ are a Clang extension [-Wvla-cxx-extension]
  958 |         FAUSTFLOAT buf[ReCount];
      |                        ^~~~~~~
jni/../dsp/voxbass.cc:958:17: note: read of non-const variable 'ReCount' is not allowed in a constant expression
jni/../dsp/voxbass.cc:954:6: note: declared here
  954 |         int ReCount = count;
      |             ^
jni/../plugin/gx_voxbass.cpp:321:1: warning: duplicate 'extern' declaration specifier [-Wduplicate-decl-specifier]
  321 | LV2_SYMBOL_EXPORT
      | ^
jni/../../lv2-headers/lv2.h:358:5: note: expanded from macro 'LV2_SYMBOL_EXPORT'
  358 |     LV2_SYMBOL_EXTERN __attribute__((visibility("default")))
      |     ^
jni/../../lv2-headers/lv2.h:345:29: note: expanded from macro 'LV2_SYMBOL_EXTERN'
  345 | #  define LV2_SYMBOL_EXTERN extern "C"
      |                             ^
In file included from jni/../plugin/gx_voxbass.cpp:69:
In file included from jni/../dsp/zita-resampler-1.1.0/resampler.cc:25:
jni/../dsp/zita-resampler-1.1.0/zita-resampler/resampler.h:72:26: warning: private field '_dummy' is not used [-Wunused-private-field]
   72 |     void                *_dummy [8];
      |                          ^
In file included from jni/../plugin/gx_voxbass.cpp:71:
jni/../dsp/voxbass.cc:78:14: warning: private field 'fslider0' is not used [-Wunused-private-field]
   78 |         FAUSTFLOAT      fslider0;
      |                         ^
jni/../dsp/voxbass.cc:82:14: warning: private field 'fslider1' is not used [-Wunused-private-field]
   82 |         FAUSTFLOAT      fslider1;
      |                         ^
jni/../dsp/voxbass.cc:182:14: warning: private field 'fslider2' is not used [-Wunused-private-field]
  182 |         FAUSTFLOAT      fslider2;
      |                         ^
jni/../dsp/voxbass.cc:195:14: warning: private field 'fslider3' is not used [-Wunused-private-field]
  195 |         FAUSTFLOAT      fslider3;
      |                         ^
jni/../dsp/voxbass.cc:477:14: warning: private field 'fslider4' is not used [-Wunused-private-field]
  477 |         FAUSTFLOAT      fslider4;
      |                         ^
jni/../dsp/voxbass.cc:480:15: warning: private field 'sru' is not used [-Wunused-private-field]
  480 |         unsigned int sru;
      |                      ^
9 warnings generated.
[x86] SharedLibrary  : libgx_voxbass.so
[x86] Install        : libgx_voxbass.so => libs/x86/libgx_voxbass.so
[x86_64] Compile++      : gx_voxbass <= gx_voxbass.cpp
In file included from jni/../plugin/gx_voxbass.cpp:71:
jni/../dsp/voxbass.cc:958:17: warning: variable length arrays in C++ are a Clang extension [-Wvla-cxx-extension]
  958 |         FAUSTFLOAT buf[ReCount];
      |                        ^~~~~~~
jni/../dsp/voxbass.cc:958:17: note: read of non-const variable 'ReCount' is not allowed in a constant expression
jni/../dsp/voxbass.cc:954:6: note: declared here
  954 |         int ReCount = count;
      |             ^
jni/../plugin/gx_voxbass.cpp:321:1: warning: duplicate 'extern' declaration specifier [-Wduplicate-decl-specifier]
  321 | LV2_SYMBOL_EXPORT
      | ^
jni/../../lv2-headers/lv2.h:358:5: note: expanded from macro 'LV2_SYMBOL_EXPORT'
  358 |     LV2_SYMBOL_EXTERN __attribute__((visibility("default")))
      |     ^
jni/../../lv2-headers/lv2.h:345:29: note: expanded from macro 'LV2_SYMBOL_EXTERN'
  345 | #  define LV2_SYMBOL_EXTERN extern "C"
      |                             ^
In file included from jni/../plugin/gx_voxbass.cpp:69:
In file included from jni/../dsp/zita-resampler-1.1.0/resampler.cc:25:
jni/../dsp/zita-resampler-1.1.0/zita-resampler/resampler.h:72:26: warning: private field '_dummy' is not used [-Wunused-private-field]
   72 |     void                *_dummy [8];
      |                          ^
In file included from jni/../plugin/gx_voxbass.cpp:71:
jni/../dsp/voxbass.cc:78:14: warning: private field 'fslider0' is not used [-Wunused-private-field]
   78 |         FAUSTFLOAT      fslider0;
      |                         ^
jni/../dsp/voxbass.cc:82:14: warning: private field 'fslider1' is not used [-Wunused-private-field]
   82 |         FAUSTFLOAT      fslider1;
      |                         ^
jni/../dsp/voxbass.cc:182:14: warning: private field 'fslider2' is not used [-Wunused-private-field]
  182 |         FAUSTFLOAT      fslider2;
      |                         ^
jni/../dsp/voxbass.cc:195:14: warning: private field 'fslider3' is not used [-Wunused-private-field]
  195 |         FAUSTFLOAT      fslider3;
      |                         ^
jni/../dsp/voxbass.cc:477:14: warning: private field 'fslider4' is not used [-Wunused-private-field]
  477 |         FAUSTFLOAT      fslider4;
      |                         ^
jni/../dsp/voxbass.cc:480:15: warning: private field 'sru' is not used [-Wunused-private-field]
  480 |         unsigned int sru;
      |                      ^
9 warnings generated.
[x86_64] SharedLibrary  : libgx_voxbass.so
[x86_64] Install        : libgx_voxbass.so => libs/x86_64/libgx_voxbass.so
[arm64-v8a] Compile++      : gx_voxbass <= gx_voxbass.cpp
In file included from jni/../plugin/gx_voxbass.cpp:71:
jni/../dsp/voxbass.cc:958:17: warning: variable length arrays in C++ are a Clang extension [-Wvla-cxx-extension]
  958 |         FAUSTFLOAT buf[ReCount];
      |                        ^~~~~~~
jni/../dsp/voxbass.cc:958:17: note: read of non-const variable 'ReCount' is not allowed in a constant expression
jni/../dsp/voxbass.cc:954:6: note: declared here
  954 |         int ReCount = count;
      |             ^
jni/../plugin/gx_voxbass.cpp:321:1: warning: duplicate 'extern' declaration specifier [-Wduplicate-decl-specifier]
  321 | LV2_SYMBOL_EXPORT
      | ^
jni/../../lv2-headers/lv2.h:358:5: note: expanded from macro 'LV2_SYMBOL_EXPORT'
  358 |     LV2_SYMBOL_EXTERN __attribute__((visibility("default")))
      |     ^
jni/../../lv2-headers/lv2.h:345:29: note: expanded from macro 'LV2_SYMBOL_EXTERN'
  345 | #  define LV2_SYMBOL_EXTERN extern "C"
      |                             ^
In file included from jni/../plugin/gx_voxbass.cpp:69:
In file included from jni/../dsp/zita-resampler-1.1.0/resampler.cc:25:
jni/../dsp/zita-resampler-1.1.0/zita-resampler/resampler.h:72:26: warning: private field '_dummy' is not used [-Wunused-private-field]
   72 |     void                *_dummy [8];
      |                          ^
In file included from jni/../plugin/gx_voxbass.cpp:71:
jni/../dsp/voxbass.cc:78:14: warning: private field 'fslider0' is not used [-Wunused-private-field]
   78 |         FAUSTFLOAT      fslider0;
      |                         ^
jni/../dsp/voxbass.cc:82:14: warning: private field 'fslider1' is not used [-Wunused-private-field]
   82 |         FAUSTFLOAT      fslider1;
      |                         ^
jni/../dsp/voxbass.cc:182:14: warning: private field 'fslider2' is not used [-Wunused-private-field]
  182 |         FAUSTFLOAT      fslider2;
      |                         ^
jni/../dsp/voxbass.cc:195:14: warning: private field 'fslider3' is not used [-Wunused-private-field]
  195 |         FAUSTFLOAT      fslider3;
      |                         ^
jni/../dsp/voxbass.cc:477:14: warning: private field 'fslider4' is not used [-Wunused-private-field]
  477 |         FAUSTFLOAT      fslider4;
      |                         ^
jni/../dsp/voxbass.cc:480:15: warning: private field 'sru' is not used [-Wunused-private-field]
  480 |         unsigned int sru;
      |                      ^
9 warnings generated.
[arm64-v8a] SharedLibrary  : libgx_voxbass.so
[arm64-v8a] Install        : libgx_voxbass.so => libs/arm64-v8a/libgx_voxbass.so
[armeabi-v7a] Compile++ thumb: gx_voxbass <= gx_voxbass.cpp
In file included from jni/../plugin/gx_voxbass.cpp:71:
jni/../dsp/voxbass.cc:958:17: warning: variable length arrays in C++ are a Clang extension [-Wvla-cxx-extension]
  958 |         FAUSTFLOAT buf[ReCount];
      |                        ^~~~~~~
jni/../dsp/voxbass.cc:958:17: note: read of non-const variable 'ReCount' is not allowed in a constant expression
jni/../dsp/voxbass.cc:954:6: note: declared here
  954 |         int ReCount = count;
      |             ^
jni/../plugin/gx_voxbass.cpp:321:1: warning: duplicate 'extern' declaration specifier [-Wduplicate-decl-specifier]
  321 | LV2_SYMBOL_EXPORT
      | ^
jni/../../lv2-headers/lv2.h:358:5: note: expanded from macro 'LV2_SYMBOL_EXPORT'
  358 |     LV2_SYMBOL_EXTERN __attribute__((visibility("default")))
      |     ^
jni/../../lv2-headers/lv2.h:345:29: note: expanded from macro 'LV2_SYMBOL_EXTERN'
  345 | #  define LV2_SYMBOL_EXTERN extern "C"
      |                             ^
In file included from jni/../plugin/gx_voxbass.cpp:69:
In file included from jni/../dsp/zita-resampler-1.1.0/resampler.cc:25:
jni/../dsp/zita-resampler-1.1.0/zita-resampler/resampler.h:72:26: warning: private field '_dummy' is not used [-Wunused-private-field]
   72 |     void                *_dummy [8];
      |                          ^
In file included from jni/../plugin/gx_voxbass.cpp:71:
jni/../dsp/voxbass.cc:78:14: warning: private field 'fslider0' is not used [-Wunused-private-field]
   78 |         FAUSTFLOAT      fslider0;
      |                         ^
jni/../dsp/voxbass.cc:82:14: warning: private field 'fslider1' is not used [-Wunused-private-field]
   82 |         FAUSTFLOAT      fslider1;
      |                         ^
jni/../dsp/voxbass.cc:182:14: warning: private field 'fslider2' is not used [-Wunused-private-field]
  182 |         FAUSTFLOAT      fslider2;
      |                         ^
jni/../dsp/voxbass.cc:195:14: warning: private field 'fslider3' is not used [-Wunused-private-field]
  195 |         FAUSTFLOAT      fslider3;
      |                         ^
jni/../dsp/voxbass.cc:477:14: warning: private field 'fslider4' is not used [-Wunused-private-field]
  477 |         FAUSTFLOAT      fslider4;
      |                         ^
jni/../dsp/voxbass.cc:480:15: warning: private field 'sru' is not used [-Wunused-private-field]
  480 |         unsigned int sru;
      |                      ^
9 warnings generated.
[armeabi-v7a] SharedLibrary  : libgx_voxbass.so
[armeabi-v7a] Install        : libgx_voxbass.so => libs/armeabi-v7a/libgx_voxbass.so
  ✓ Success (4 .so files generated)
Building GxVintageFuzzMaster.lv2...
Android NDK: APP_PLATFORM not set. Defaulting to minimum supported version android-21.    
[x86_64] Compile++      : gx_vfm <= gx_vfm.cpp
jni/../plugin/gx_vfm.cpp:251:1: warning: duplicate 'extern' declaration specifier [-Wduplicate-decl-specifier]
  251 | LV2_SYMBOL_EXPORT
      | ^
jni/../../lv2-headers/lv2.h:358:5: note: expanded from macro 'LV2_SYMBOL_EXPORT'
  358 |     LV2_SYMBOL_EXTERN __attribute__((visibility("default")))
      |     ^
jni/../../lv2-headers/lv2.h:345:29: note: expanded from macro 'LV2_SYMBOL_EXTERN'
  345 | #  define LV2_SYMBOL_EXTERN extern "C"
      |                             ^
In file included from jni/../plugin/gx_vfm.cpp:68:
jni/../dsp/vfm.cc:44:14: warning: private field 'fslider0' is not used [-Wunused-private-field]
   44 |         FAUSTFLOAT      fslider0;
      |                         ^
jni/../dsp/vfm.cc:58:14: warning: private field 'fslider1' is not used [-Wunused-private-field]
   58 |         FAUSTFLOAT      fslider1;
      |                         ^
jni/../dsp/vfm.cc:103:14: warning: private field 'fslider2' is not used [-Wunused-private-field]
  103 |         FAUSTFLOAT      fslider2;
      |                         ^
4 warnings generated.
[x86] Compile++      : gx_vfm <= gx_vfm.cpp
jni/../plugin/gx_vfm.cpp:251:1: warning: duplicate 'extern' declaration specifier [-Wduplicate-decl-specifier]
  251 | LV2_SYMBOL_EXPORT
      | ^
jni/../../lv2-headers/lv2.h:358:5: note: expanded from macro 'LV2_SYMBOL_EXPORT'
  358 |     LV2_SYMBOL_EXTERN __attribute__((visibility("default")))
      |     ^
jni/../../lv2-headers/lv2.h:345:29: note: expanded from macro 'LV2_SYMBOL_EXTERN'
  345 | #  define LV2_SYMBOL_EXTERN extern "C"
      |                             ^
In file included from jni/../plugin/gx_vfm.cpp:68:
jni/../dsp/vfm.cc:44:14: warning: private field 'fslider0' is not used [-Wunused-private-field]
   44 |         FAUSTFLOAT      fslider0;
      |                         ^
jni/../dsp/vfm.cc:58:14: warning: private field 'fslider1' is not used [-Wunused-private-field]
   58 |         FAUSTFLOAT      fslider1;
      |                         ^
jni/../dsp/vfm.cc:103:14: warning: private field 'fslider2' is not used [-Wunused-private-field]
  103 |         FAUSTFLOAT      fslider2;
      |                         ^
4 warnings generated.
[x86_64] SharedLibrary  : libgx_vfm.so
[armeabi-v7a] Compile++ thumb: gx_vfm <= gx_vfm.cpp
jni/../plugin/gx_vfm.cpp:251:1: warning: duplicate 'extern' declaration specifier [-Wduplicate-decl-specifier]
  251 | LV2_SYMBOL_EXPORT
      | ^
jni/../../lv2-headers/lv2.h:358:5: note: expanded from macro 'LV2_SYMBOL_EXPORT'
  358 |     LV2_SYMBOL_EXTERN __attribute__((visibility("default")))
      |     ^
jni/../../lv2-headers/lv2.h:345:29: note: expanded from macro 'LV2_SYMBOL_EXTERN'
  345 | #  define LV2_SYMBOL_EXTERN extern "C"
      |                             ^
In file included from jni/../plugin/gx_vfm.cpp:68:
jni/../dsp/vfm.cc:44:14: warning: private field 'fslider0' is not used [-Wunused-private-field]
   44 |         FAUSTFLOAT      fslider0;
      |                         ^
jni/../dsp/vfm.cc:58:14: warning: private field 'fslider1' is not used [-Wunused-private-field]
   58 |         FAUSTFLOAT      fslider1;
      |                         ^
jni/../dsp/vfm.cc:103:14: warning: private field 'fslider2' is not used [-Wunused-private-field]
  103 |         FAUSTFLOAT      fslider2;
      |                         ^
4 warnings generated.
[x86] SharedLibrary  : libgx_vfm.so
[x86_64] Install        : libgx_vfm.so => libs/x86_64/libgx_vfm.so
[x86] Install        : libgx_vfm.so => libs/x86/libgx_vfm.so
[arm64-v8a] Compile++      : gx_vfm <= gx_vfm.cpp
jni/../plugin/gx_vfm.cpp:251:1: warning: duplicate 'extern' declaration specifier [-Wduplicate-decl-specifier]
  251 | LV2_SYMBOL_EXPORT
      | ^
jni/../../lv2-headers/lv2.h:358:5: note: expanded from macro 'LV2_SYMBOL_EXPORT'
  358 |     LV2_SYMBOL_EXTERN __attribute__((visibility("default")))
      |     ^
jni/../../lv2-headers/lv2.h:345:29: note: expanded from macro 'LV2_SYMBOL_EXTERN'
  345 | #  define LV2_SYMBOL_EXTERN extern "C"
      |                             ^
In file included from jni/../plugin/gx_vfm.cpp:68:
jni/../dsp/vfm.cc:44:14: warning: private field 'fslider0' is not used [-Wunused-private-field]
   44 |         FAUSTFLOAT      fslider0;
      |                         ^
jni/../dsp/vfm.cc:58:14: warning: private field 'fslider1' is not used [-Wunused-private-field]
   58 |         FAUSTFLOAT      fslider1;
      |                         ^
jni/../dsp/vfm.cc:103:14: warning: private field 'fslider2' is not used [-Wunused-private-field]
  103 |         FAUSTFLOAT      fslider2;
      |                         ^
4 warnings generated.
[armeabi-v7a] SharedLibrary  : libgx_vfm.so
[armeabi-v7a] Install        : libgx_vfm.so => libs/armeabi-v7a/libgx_vfm.so
[arm64-v8a] SharedLibrary  : libgx_vfm.so
[arm64-v8a] Install        : libgx_vfm.so => libs/arm64-v8a/libgx_vfm.so
  ✓ Success (4 .so files generated)
Building GxVmk2.lv2...
Android NDK: APP_PLATFORM not set. Defaulting to minimum supported version android-21.    
[x86] Compile++      : gx_vmk2d <= gx_vmk2d.cpp
jni/../plugin/gx_vmk2d.cpp:393:18: warning: variable length arrays in C++ are a Clang extension [-Wvla-cxx-extension]
  393 |   FAUSTFLOAT buf[ReCount];
      |                  ^~~~~~~
jni/../plugin/gx_vmk2d.cpp:393:18: note: read of non-const variable 'ReCount' is not allowed in a constant expression
jni/../plugin/gx_vmk2d.cpp:389:12: note: declared here
  389 |   uint32_t ReCount = n_samples;
      |            ^
jni/../plugin/gx_vmk2d.cpp:548:1: warning: duplicate 'extern' declaration specifier [-Wduplicate-decl-specifier]
  548 | LV2_SYMBOL_EXPORT
      | ^
jni/../../lv2-headers/lv2.h:358:5: note: expanded from macro 'LV2_SYMBOL_EXPORT'
  358 |     LV2_SYMBOL_EXTERN __attribute__((visibility("default")))
      |     ^
jni/../../lv2-headers/lv2.h:345:29: note: expanded from macro 'LV2_SYMBOL_EXTERN'
  345 | #  define LV2_SYMBOL_EXTERN extern "C"
      |                             ^
In file included from jni/../plugin/gx_vmk2d.cpp:69:
In file included from jni/../dsp/zita-resampler-1.1.0/resampler.cc:25:
jni/../dsp/zita-resampler-1.1.0/zita-resampler/resampler.h:72:26: warning: private field '_dummy' is not used [-Wunused-private-field]
   72 |     void                *_dummy [8];
      |                          ^
In file included from jni/../plugin/gx_vmk2d.cpp:73:
jni/../dsp/mbr.cc:17:14: warning: private field 'fslider0' is not used [-Wunused-private-field]
   17 |         FAUSTFLOAT      fslider0;
      |                         ^
jni/../dsp/mbr.cc:24:14: warning: private field 'fslider1' is not used [-Wunused-private-field]
   24 |         FAUSTFLOAT      fslider1;
      |                         ^
jni/../dsp/mbr.cc:123:14: warning: private field 'fslider2' is not used [-Wunused-private-field]
  123 |         FAUSTFLOAT      fslider2;
      |                         ^
In file included from jni/../plugin/gx_vmk2d.cpp:74:
jni/../dsp/mbr1.cc:17:14: warning: private field 'fslider0' is not used [-Wunused-private-field]
   17 |         FAUSTFLOAT      fslider0;
      |                         ^
jni/../dsp/mbr1.cc:24:14: warning: private field 'fslider1' is not used [-Wunused-private-field]
   24 |         FAUSTFLOAT      fslider1;
      |                         ^
jni/../dsp/mbr1.cc:123:14: warning: private field 'fslider2' is not used [-Wunused-private-field]
  123 |         FAUSTFLOAT      fslider2;
      |                         ^
In file included from jni/../plugin/gx_vmk2d.cpp:75:
jni/../dsp/mbr2.cc:17:14: warning: private field 'fslider0' is not used [-Wunused-private-field]
   17 |         FAUSTFLOAT      fslider0;
      |                         ^
jni/../dsp/mbr2.cc:24:14: warning: private field 'fslider1' is not used [-Wunused-private-field]
   24 |         FAUSTFLOAT      fslider1;
      |                         ^
jni/../dsp/mbr2.cc:123:14: warning: private field 'fslider2' is not used [-Wunused-private-field]
  123 |         FAUSTFLOAT      fslider2;
      |                         ^
In file included from jni/../plugin/gx_vmk2d.cpp:76:
jni/../dsp/mbron.cc:17:14: warning: private field 'fslider0' is not used [-Wunused-private-field]
   17 |         FAUSTFLOAT      fslider0;
      |                         ^
jni/../dsp/mbron.cc:24:14: warning: private field 'fslider1' is not used [-Wunused-private-field]
   24 |         FAUSTFLOAT      fslider1;
      |                         ^
jni/../dsp/mbron.cc:150:14: warning: private field 'fslider2' is not used [-Wunused-private-field]
  150 |         FAUSTFLOAT      fslider2;
      |                         ^
In file included from jni/../plugin/gx_vmk2d.cpp:77:
jni/../dsp/mbr1on.cc:17:14: warning: private field 'fslider0' is not used [-Wunused-private-field]
   17 |         FAUSTFLOAT      fslider0;
      |                         ^
jni/../dsp/mbr1on.cc:24:14: warning: private field 'fslider1' is not used [-Wunused-private-field]
   24 |         FAUSTFLOAT      fslider1;
      |                         ^
jni/../dsp/mbr1on.cc:150:14: warning: private field 'fslider2' is not used [-Wunused-private-field]
  150 |         FAUSTFLOAT      fslider2;
      |                         ^
In file included from jni/../plugin/gx_vmk2d.cpp:78:
jni/../dsp/mbr2on.cc:17:14: warning: private field 'fslider0' is not used [-Wunused-private-field]
   17 |         FAUSTFLOAT      fslider0;
      |                         ^
jni/../dsp/mbr2on.cc:24:14: warning: private field 'fslider1' is not used [-Wunused-private-field]
   24 |         FAUSTFLOAT      fslider1;
      |                         ^
jni/../dsp/mbr2on.cc:150:14: warning: private field 'fslider2' is not used [-Wunused-private-field]
  150 |         FAUSTFLOAT      fslider2;
      |                         ^
In file included from jni/../plugin/gx_vmk2d.cpp:79:
jni/../dsp/reverb.cc:15:14: warning: private field 'fslider0' is not used [-Wunused-private-field]
   15 |         FAUSTFLOAT      fslider0;
      |                         ^
In file included from jni/../plugin/gx_vmk2d.cpp:80:
jni/../dsp/tremolo.cc:11:14: warning: private field 'fslider0' is not used [-Wunused-private-field]
   11 |         FAUSTFLOAT      fslider0;
      |                         ^
jni/../dsp/tremolo.cc:17:14: warning: private field 'fslider1' is not used [-Wunused-private-field]
   17 |         FAUSTFLOAT      fslider1;
      |                         ^
In file included from jni/../plugin/gx_vmk2d.cpp:81:
jni/../dsp/viberev.cc:11:14: warning: private field 'fslider0' is not used [-Wunused-private-field]
   11 |         FAUSTFLOAT      fslider0;
      |                         ^
jni/../dsp/viberev.cc:18:14: warning: private field 'fslider1' is not used [-Wunused-private-field]
   18 |         FAUSTFLOAT      fslider1;
      |                         ^
jni/../dsp/viberev.cc:25:14: warning: private field 'fslider2' is not used [-Wunused-private-field]
   25 |         FAUSTFLOAT      fslider2;
      |                         ^
jni/../plugin/gx_vmk2d.cpp:197:19: warning: private field 'mbr_sel_' is not used [-Wunused-private-field]
  197 |   uint32_t        mbr_sel_;
      |                   ^
jni/../plugin/gx_vmk2d.cpp:201:19: warning: private field 'tremolo_model_' is not used [-Wunused-private-field]
  201 |   uint32_t        tremolo_model_;
      |                   ^
29 warnings generated.
[x86_64] Compile++      : gx_vmk2d <= gx_vmk2d.cpp
jni/../plugin/gx_vmk2d.cpp:393:18: warning: variable length arrays in C++ are a Clang extension [-Wvla-cxx-extension]
  393 |   FAUSTFLOAT buf[ReCount];
      |                  ^~~~~~~
jni/../plugin/gx_vmk2d.cpp:393:18: note: read of non-const variable 'ReCount' is not allowed in a constant expression
jni/../plugin/gx_vmk2d.cpp:389:12: note: declared here
  389 |   uint32_t ReCount = n_samples;
      |            ^
jni/../plugin/gx_vmk2d.cpp:548:1: warning: duplicate 'extern' declaration specifier [-Wduplicate-decl-specifier]
  548 | LV2_SYMBOL_EXPORT
      | ^
jni/../../lv2-headers/lv2.h:358:5: note: expanded from macro 'LV2_SYMBOL_EXPORT'
  358 |     LV2_SYMBOL_EXTERN __attribute__((visibility("default")))
      |     ^
jni/../../lv2-headers/lv2.h:345:29: note: expanded from macro 'LV2_SYMBOL_EXTERN'
  345 | #  define LV2_SYMBOL_EXTERN extern "C"
      |                             ^
In file included from jni/../plugin/gx_vmk2d.cpp:69:
In file included from jni/../dsp/zita-resampler-1.1.0/resampler.cc:25:
jni/../dsp/zita-resampler-1.1.0/zita-resampler/resampler.h:72:26: warning: private field '_dummy' is not used [-Wunused-private-field]
   72 |     void                *_dummy [8];
      |                          ^
In file included from jni/../plugin/gx_vmk2d.cpp:73:
jni/../dsp/mbr.cc:17:14: warning: private field 'fslider0' is not used [-Wunused-private-field]
   17 |         FAUSTFLOAT      fslider0;
      |                         ^
jni/../dsp/mbr.cc:24:14: warning: private field 'fslider1' is not used [-Wunused-private-field]
   24 |         FAUSTFLOAT      fslider1;
      |                         ^
jni/../dsp/mbr.cc:123:14: warning: private field 'fslider2' is not used [-Wunused-private-field]
  123 |         FAUSTFLOAT      fslider2;
      |                         ^
In file included from jni/../plugin/gx_vmk2d.cpp:74:
jni/../dsp/mbr1.cc:17:14: warning: private field 'fslider0' is not used [-Wunused-private-field]
   17 |         FAUSTFLOAT      fslider0;
      |                         ^
jni/../dsp/mbr1.cc:24:14: warning: private field 'fslider1' is not used [-Wunused-private-field]
   24 |         FAUSTFLOAT      fslider1;
      |                         ^
jni/../dsp/mbr1.cc:123:14: warning: private field 'fslider2' is not used [-Wunused-private-field]
  123 |         FAUSTFLOAT      fslider2;
      |                         ^
In file included from jni/../plugin/gx_vmk2d.cpp:75:
jni/../dsp/mbr2.cc:17:14: warning: private field 'fslider0' is not used [-Wunused-private-field]
   17 |         FAUSTFLOAT      fslider0;
      |                         ^
jni/../dsp/mbr2.cc:24:14: warning: private field 'fslider1' is not used [-Wunused-private-field]
   24 |         FAUSTFLOAT      fslider1;
      |                         ^
jni/../dsp/mbr2.cc:123:14: warning: private field 'fslider2' is not used [-Wunused-private-field]
  123 |         FAUSTFLOAT      fslider2;
      |                         ^
In file included from jni/../plugin/gx_vmk2d.cpp:76:
jni/../dsp/mbron.cc:17:14: warning: private field 'fslider0' is not used [-Wunused-private-field]
   17 |         FAUSTFLOAT      fslider0;
      |                         ^
jni/../dsp/mbron.cc:24:14: warning: private field 'fslider1' is not used [-Wunused-private-field]
   24 |         FAUSTFLOAT      fslider1;
      |                         ^
jni/../dsp/mbron.cc:150:14: warning: private field 'fslider2' is not used [-Wunused-private-field]
  150 |         FAUSTFLOAT      fslider2;
      |                         ^
In file included from jni/../plugin/gx_vmk2d.cpp:77:
jni/../dsp/mbr1on.cc:17:14: warning: private field 'fslider0' is not used [-Wunused-private-field]
   17 |         FAUSTFLOAT      fslider0;
      |                         ^
jni/../dsp/mbr1on.cc:24:14: warning: private field 'fslider1' is not used [-Wunused-private-field]
   24 |         FAUSTFLOAT      fslider1;
      |                         ^
jni/../dsp/mbr1on.cc:150:14: warning: private field 'fslider2' is not used [-Wunused-private-field]
  150 |         FAUSTFLOAT      fslider2;
      |                         ^
In file included from jni/../plugin/gx_vmk2d.cpp:78:
jni/../dsp/mbr2on.cc:17:14: warning: private field 'fslider0' is not used [-Wunused-private-field]
   17 |         FAUSTFLOAT      fslider0;
      |                         ^
jni/../dsp/mbr2on.cc:24:14: warning: private field 'fslider1' is not used [-Wunused-private-field]
   24 |         FAUSTFLOAT      fslider1;
      |                         ^
jni/../dsp/mbr2on.cc:150:14: warning: private field 'fslider2' is not used [-Wunused-private-field]
  150 |         FAUSTFLOAT      fslider2;
      |                         ^
In file included from jni/../plugin/gx_vmk2d.cpp:79:
jni/../dsp/reverb.cc:15:14: warning: private field 'fslider0' is not used [-Wunused-private-field]
   15 |         FAUSTFLOAT      fslider0;
      |                         ^
In file included from jni/../plugin/gx_vmk2d.cpp:80:
jni/../dsp/tremolo.cc:11:14: warning: private field 'fslider0' is not used [-Wunused-private-field]
   11 |         FAUSTFLOAT      fslider0;
      |                         ^
jni/../dsp/tremolo.cc:17:14: warning: private field 'fslider1' is not used [-Wunused-private-field]
   17 |         FAUSTFLOAT      fslider1;
      |                         ^
In file included from jni/../plugin/gx_vmk2d.cpp:81:
jni/../dsp/viberev.cc:11:14: warning: private field 'fslider0' is not used [-Wunused-private-field]
   11 |         FAUSTFLOAT      fslider0;
      |                         ^
jni/../dsp/viberev.cc:18:14: warning: private field 'fslider1' is not used [-Wunused-private-field]
   18 |         FAUSTFLOAT      fslider1;
      |                         ^
jni/../dsp/viberev.cc:25:14: warning: private field 'fslider2' is not used [-Wunused-private-field]
   25 |         FAUSTFLOAT      fslider2;
      |                         ^
jni/../plugin/gx_vmk2d.cpp:197:19: warning: private field 'mbr_sel_' is not used [-Wunused-private-field]
  197 |   uint32_t        mbr_sel_;
      |                   ^
jni/../plugin/gx_vmk2d.cpp:201:19: warning: private field 'tremolo_model_' is not used [-Wunused-private-field]
  201 |   uint32_t        tremolo_model_;
      |                   ^
29 warnings generated.
[x86] SharedLibrary  : libgx_vmk2d.so
[x86] Install        : libgx_vmk2d.so => libs/x86/libgx_vmk2d.so
[x86_64] SharedLibrary  : libgx_vmk2d.so
[x86_64] Install        : libgx_vmk2d.so => libs/x86_64/libgx_vmk2d.so
[arm64-v8a] Compile++      : gx_vmk2d <= gx_vmk2d.cpp
jni/../plugin/gx_vmk2d.cpp:393:18: warning: variable length arrays in C++ are a Clang extension [-Wvla-cxx-extension]
  393 |   FAUSTFLOAT buf[ReCount];
      |                  ^~~~~~~
jni/../plugin/gx_vmk2d.cpp:393:18: note: read of non-const variable 'ReCount' is not allowed in a constant expression
jni/../plugin/gx_vmk2d.cpp:389:12: note: declared here
  389 |   uint32_t ReCount = n_samples;
      |            ^
jni/../plugin/gx_vmk2d.cpp:548:1: warning: duplicate 'extern' declaration specifier [-Wduplicate-decl-specifier]
  548 | LV2_SYMBOL_EXPORT
      | ^
jni/../../lv2-headers/lv2.h:358:5: note: expanded from macro 'LV2_SYMBOL_EXPORT'
  358 |     LV2_SYMBOL_EXTERN __attribute__((visibility("default")))
      |     ^
jni/../../lv2-headers/lv2.h:345:29: note: expanded from macro 'LV2_SYMBOL_EXTERN'
  345 | #  define LV2_SYMBOL_EXTERN extern "C"
      |                             ^
In file included from jni/../plugin/gx_vmk2d.cpp:69:
In file included from jni/../dsp/zita-resampler-1.1.0/resampler.cc:25:
jni/../dsp/zita-resampler-1.1.0/zita-resampler/resampler.h:72:26: warning: private field '_dummy' is not used [-Wunused-private-field]
   72 |     void                *_dummy [8];
      |                          ^
In file included from jni/../plugin/gx_vmk2d.cpp:73:
jni/../dsp/mbr.cc:17:14: warning: private field 'fslider0' is not used [-Wunused-private-field]
   17 |         FAUSTFLOAT      fslider0;
      |                         ^
jni/../dsp/mbr.cc:24:14: warning: private field 'fslider1' is not used [-Wunused-private-field]
   24 |         FAUSTFLOAT      fslider1;
      |                         ^
jni/../dsp/mbr.cc:123:14: warning: private field 'fslider2' is not used [-Wunused-private-field]
  123 |         FAUSTFLOAT      fslider2;
      |                         ^
In file included from jni/../plugin/gx_vmk2d.cpp:74:
jni/../dsp/mbr1.cc:17:14: warning: private field 'fslider0' is not used [-Wunused-private-field]
   17 |         FAUSTFLOAT      fslider0;
      |                         ^
jni/../dsp/mbr1.cc:24:14: warning: private field 'fslider1' is not used [-Wunused-private-field]
   24 |         FAUSTFLOAT      fslider1;
      |                         ^
jni/../dsp/mbr1.cc:123:14: warning: private field 'fslider2' is not used [-Wunused-private-field]
  123 |         FAUSTFLOAT      fslider2;
      |                         ^
In file included from jni/../plugin/gx_vmk2d.cpp:75:
jni/../dsp/mbr2.cc:17:14: warning: private field 'fslider0' is not used [-Wunused-private-field]
   17 |         FAUSTFLOAT      fslider0;
      |                         ^
jni/../dsp/mbr2.cc:24:14: warning: private field 'fslider1' is not used [-Wunused-private-field]
   24 |         FAUSTFLOAT      fslider1;
      |                         ^
jni/../dsp/mbr2.cc:123:14: warning: private field 'fslider2' is not used [-Wunused-private-field]
  123 |         FAUSTFLOAT      fslider2;
      |                         ^
In file included from jni/../plugin/gx_vmk2d.cpp:76:
jni/../dsp/mbron.cc:17:14: warning: private field 'fslider0' is not used [-Wunused-private-field]
   17 |         FAUSTFLOAT      fslider0;
      |                         ^
jni/../dsp/mbron.cc:24:14: warning: private field 'fslider1' is not used [-Wunused-private-field]
   24 |         FAUSTFLOAT      fslider1;
      |                         ^
jni/../dsp/mbron.cc:150:14: warning: private field 'fslider2' is not used [-Wunused-private-field]
  150 |         FAUSTFLOAT      fslider2;
      |                         ^
In file included from jni/../plugin/gx_vmk2d.cpp:77:
jni/../dsp/mbr1on.cc:17:14: warning: private field 'fslider0' is not used [-Wunused-private-field]
   17 |         FAUSTFLOAT      fslider0;
      |                         ^
jni/../dsp/mbr1on.cc:24:14: warning: private field 'fslider1' is not used [-Wunused-private-field]
   24 |         FAUSTFLOAT      fslider1;
      |                         ^
jni/../dsp/mbr1on.cc:150:14: warning: private field 'fslider2' is not used [-Wunused-private-field]
  150 |         FAUSTFLOAT      fslider2;
      |                         ^
In file included from jni/../plugin/gx_vmk2d.cpp:78:
jni/../dsp/mbr2on.cc:17:14: warning: private field 'fslider0' is not used [-Wunused-private-field]
   17 |         FAUSTFLOAT      fslider0;
      |                         ^
jni/../dsp/mbr2on.cc:24:14: warning: private field 'fslider1' is not used [-Wunused-private-field]
   24 |         FAUSTFLOAT      fslider1;
      |                         ^
jni/../dsp/mbr2on.cc:150:14: warning: private field 'fslider2' is not used [-Wunused-private-field]
  150 |         FAUSTFLOAT      fslider2;
      |                         ^
In file included from jni/../plugin/gx_vmk2d.cpp:79:
jni/../dsp/reverb.cc:15:14: warning: private field 'fslider0' is not used [-Wunused-private-field]
   15 |         FAUSTFLOAT      fslider0;
      |                         ^
In file included from jni/../plugin/gx_vmk2d.cpp:80:
jni/../dsp/tremolo.cc:11:14: warning: private field 'fslider0' is not used [-Wunused-private-field]
   11 |         FAUSTFLOAT      fslider0;
      |                         ^
jni/../dsp/tremolo.cc:17:14: warning: private field 'fslider1' is not used [-Wunused-private-field]
   17 |         FAUSTFLOAT      fslider1;
      |                         ^
In file included from jni/../plugin/gx_vmk2d.cpp:81:
jni/../dsp/viberev.cc:11:14: warning: private field 'fslider0' is not used [-Wunused-private-field]
   11 |         FAUSTFLOAT      fslider0;
      |                         ^
jni/../dsp/viberev.cc:18:14: warning: private field 'fslider1' is not used [-Wunused-private-field]
   18 |         FAUSTFLOAT      fslider1;
      |                         ^
jni/../dsp/viberev.cc:25:14: warning: private field 'fslider2' is not used [-Wunused-private-field]
   25 |         FAUSTFLOAT      fslider2;
      |                         ^
jni/../plugin/gx_vmk2d.cpp:197:19: warning: private field 'mbr_sel_' is not used [-Wunused-private-field]
  197 |   uint32_t        mbr_sel_;
      |                   ^
jni/../plugin/gx_vmk2d.cpp:201:19: warning: private field 'tremolo_model_' is not used [-Wunused-private-field]
  201 |   uint32_t        tremolo_model_;
      |                   ^
29 warnings generated.
[arm64-v8a] SharedLibrary  : libgx_vmk2d.so
[arm64-v8a] Install        : libgx_vmk2d.so => libs/arm64-v8a/libgx_vmk2d.so
[armeabi-v7a] Compile++ thumb: gx_vmk2d <= gx_vmk2d.cpp
jni/../plugin/gx_vmk2d.cpp:393:18: warning: variable length arrays in C++ are a Clang extension [-Wvla-cxx-extension]
  393 |   FAUSTFLOAT buf[ReCount];
      |                  ^~~~~~~
jni/../plugin/gx_vmk2d.cpp:393:18: note: read of non-const variable 'ReCount' is not allowed in a constant expression
jni/../plugin/gx_vmk2d.cpp:389:12: note: declared here
  389 |   uint32_t ReCount = n_samples;
      |            ^
jni/../plugin/gx_vmk2d.cpp:548:1: warning: duplicate 'extern' declaration specifier [-Wduplicate-decl-specifier]
  548 | LV2_SYMBOL_EXPORT
      | ^
jni/../../lv2-headers/lv2.h:358:5: note: expanded from macro 'LV2_SYMBOL_EXPORT'
  358 |     LV2_SYMBOL_EXTERN __attribute__((visibility("default")))
      |     ^
jni/../../lv2-headers/lv2.h:345:29: note: expanded from macro 'LV2_SYMBOL_EXTERN'
  345 | #  define LV2_SYMBOL_EXTERN extern "C"
      |                             ^
In file included from jni/../plugin/gx_vmk2d.cpp:69:
In file included from jni/../dsp/zita-resampler-1.1.0/resampler.cc:25:
jni/../dsp/zita-resampler-1.1.0/zita-resampler/resampler.h:72:26: warning: private field '_dummy' is not used [-Wunused-private-field]
   72 |     void                *_dummy [8];
      |                          ^
In file included from jni/../plugin/gx_vmk2d.cpp:73:
jni/../dsp/mbr.cc:17:14: warning: private field 'fslider0' is not used [-Wunused-private-field]
   17 |         FAUSTFLOAT      fslider0;
      |                         ^
jni/../dsp/mbr.cc:24:14: warning: private field 'fslider1' is not used [-Wunused-private-field]
   24 |         FAUSTFLOAT      fslider1;
      |                         ^
jni/../dsp/mbr.cc:123:14: warning: private field 'fslider2' is not used [-Wunused-private-field]
  123 |         FAUSTFLOAT      fslider2;
      |                         ^
In file included from jni/../plugin/gx_vmk2d.cpp:74:
jni/../dsp/mbr1.cc:17:14: warning: private field 'fslider0' is not used [-Wunused-private-field]
   17 |         FAUSTFLOAT      fslider0;
      |                         ^
jni/../dsp/mbr1.cc:24:14: warning: private field 'fslider1' is not used [-Wunused-private-field]
   24 |         FAUSTFLOAT      fslider1;
      |                         ^
jni/../dsp/mbr1.cc:123:14: warning: private field 'fslider2' is not used [-Wunused-private-field]
  123 |         FAUSTFLOAT      fslider2;
      |                         ^
In file included from jni/../plugin/gx_vmk2d.cpp:75:
jni/../dsp/mbr2.cc:17:14: warning: private field 'fslider0' is not used [-Wunused-private-field]
   17 |         FAUSTFLOAT      fslider0;
      |                         ^
jni/../dsp/mbr2.cc:24:14: warning: private field 'fslider1' is not used [-Wunused-private-field]
   24 |         FAUSTFLOAT      fslider1;
      |                         ^
jni/../dsp/mbr2.cc:123:14: warning: private field 'fslider2' is not used [-Wunused-private-field]
  123 |         FAUSTFLOAT      fslider2;
      |                         ^
In file included from jni/../plugin/gx_vmk2d.cpp:76:
jni/../dsp/mbron.cc:17:14: warning: private field 'fslider0' is not used [-Wunused-private-field]
   17 |         FAUSTFLOAT      fslider0;
      |                         ^
jni/../dsp/mbron.cc:24:14: warning: private field 'fslider1' is not used [-Wunused-private-field]
   24 |         FAUSTFLOAT      fslider1;
      |                         ^
jni/../dsp/mbron.cc:150:14: warning: private field 'fslider2' is not used [-Wunused-private-field]
  150 |         FAUSTFLOAT      fslider2;
      |                         ^
In file included from jni/../plugin/gx_vmk2d.cpp:77:
jni/../dsp/mbr1on.cc:17:14: warning: private field 'fslider0' is not used [-Wunused-private-field]
   17 |         FAUSTFLOAT      fslider0;
      |                         ^
jni/../dsp/mbr1on.cc:24:14: warning: private field 'fslider1' is not used [-Wunused-private-field]
   24 |         FAUSTFLOAT      fslider1;
      |                         ^
jni/../dsp/mbr1on.cc:150:14: warning: private field 'fslider2' is not used [-Wunused-private-field]
  150 |         FAUSTFLOAT      fslider2;
      |                         ^
In file included from jni/../plugin/gx_vmk2d.cpp:78:
jni/../dsp/mbr2on.cc:17:14: warning: private field 'fslider0' is not used [-Wunused-private-field]
   17 |         FAUSTFLOAT      fslider0;
      |                         ^
jni/../dsp/mbr2on.cc:24:14: warning: private field 'fslider1' is not used [-Wunused-private-field]
   24 |         FAUSTFLOAT      fslider1;
      |                         ^
jni/../dsp/mbr2on.cc:150:14: warning: private field 'fslider2' is not used [-Wunused-private-field]
  150 |         FAUSTFLOAT      fslider2;
      |                         ^
In file included from jni/../plugin/gx_vmk2d.cpp:79:
jni/../dsp/reverb.cc:15:14: warning: private field 'fslider0' is not used [-Wunused-private-field]
   15 |         FAUSTFLOAT      fslider0;
      |                         ^
In file included from jni/../plugin/gx_vmk2d.cpp:80:
jni/../dsp/tremolo.cc:11:14: warning: private field 'fslider0' is not used [-Wunused-private-field]
   11 |         FAUSTFLOAT      fslider0;
      |                         ^
jni/../dsp/tremolo.cc:17:14: warning: private field 'fslider1' is not used [-Wunused-private-field]
   17 |         FAUSTFLOAT      fslider1;
      |                         ^
In file included from jni/../plugin/gx_vmk2d.cpp:81:
jni/../dsp/viberev.cc:11:14: warning: private field 'fslider0' is not used [-Wunused-private-field]
   11 |         FAUSTFLOAT      fslider0;
      |                         ^
jni/../dsp/viberev.cc:18:14: warning: private field 'fslider1' is not used [-Wunused-private-field]
   18 |         FAUSTFLOAT      fslider1;
      |                         ^
jni/../dsp/viberev.cc:25:14: warning: private field 'fslider2' is not used [-Wunused-private-field]
   25 |         FAUSTFLOAT      fslider2;
      |                         ^
jni/../plugin/gx_vmk2d.cpp:197:19: warning: private field 'mbr_sel_' is not used [-Wunused-private-field]
  197 |   uint32_t        mbr_sel_;
      |                   ^
jni/../plugin/gx_vmk2d.cpp:201:19: warning: private field 'tremolo_model_' is not used [-Wunused-private-field]
  201 |   uint32_t        tremolo_model_;
      |                   ^
29 warnings generated.
[armeabi-v7a] SharedLibrary  : libgx_vmk2d.so
[armeabi-v7a] Install        : libgx_vmk2d.so => libs/armeabi-v7a/libgx_vmk2d.so
  ✓ Success (4 .so files generated)
Building GxVoodoFuzz.lv2...
Android NDK: APP_PLATFORM not set. Defaulting to minimum supported version android-21.    
[x86] Compile++      : gx_voodoo <= gx_voodoo.cpp
jni/../plugin/gx_voodoo.cpp:251:1: warning: duplicate 'extern' declaration specifier [-Wduplicate-decl-specifier]
  251 | LV2_SYMBOL_EXPORT
      | ^
jni/../../lv2-headers/lv2.h:358:5: note: expanded from macro 'LV2_SYMBOL_EXPORT'
  358 |     LV2_SYMBOL_EXTERN __attribute__((visibility("default")))
      |     ^
jni/../../lv2-headers/lv2.h:345:29: note: expanded from macro 'LV2_SYMBOL_EXTERN'
  345 | #  define LV2_SYMBOL_EXTERN extern "C"
      |                             ^
In file included from jni/../plugin/gx_voodoo.cpp:68:
jni/../dsp/voodoo.cc:44:14: warning: private field 'fslider0' is not used [-Wunused-private-field]
   44 |         FAUSTFLOAT      fslider0;
      |                         ^
jni/../dsp/voodoo.cc:60:14: warning: private field 'fslider1' is not used [-Wunused-private-field]
   60 |         FAUSTFLOAT      fslider1;
      |                         ^
jni/../dsp/voodoo.cc:107:14: warning: private field 'fslider2' is not used [-Wunused-private-field]
  107 |         FAUSTFLOAT      fslider2;
      |                         ^
jni/../dsp/voodoo.cc:145:14: warning: private field 'fsliderV0' is not used [-Wunused-private-field]
  145 |         FAUSTFLOAT      fsliderV0;
      |                         ^
5 warnings generated.
[x86] SharedLibrary  : libgx_voodoo.so
[armeabi-v7a] Compile++ thumb: gx_voodoo <= gx_voodoo.cpp
jni/../plugin/gx_voodoo.cpp:251:1: warning: duplicate 'extern' declaration specifier [-Wduplicate-decl-specifier]
  251 | LV2_SYMBOL_EXPORT
      | ^
jni/../../lv2-headers/lv2.h:358:5: note: expanded from macro 'LV2_SYMBOL_EXPORT'
  358 |     LV2_SYMBOL_EXTERN __attribute__((visibility("default")))
      |     ^
jni/../../lv2-headers/lv2.h:345:29: note: expanded from macro 'LV2_SYMBOL_EXTERN'
  345 | #  define LV2_SYMBOL_EXTERN extern "C"
      |                             ^
In file included from jni/../plugin/gx_voodoo.cpp:68:
jni/../dsp/voodoo.cc:44:14: warning: private field 'fslider0' is not used [-Wunused-private-field]
   44 |         FAUSTFLOAT      fslider0;
      |                         ^
jni/../dsp/voodoo.cc:60:14: warning: private field 'fslider1' is not used [-Wunused-private-field]
   60 |         FAUSTFLOAT      fslider1;
      |                         ^
jni/../dsp/voodoo.cc:107:14: warning: private field 'fslider2' is not used [-Wunused-private-field]
  107 |         FAUSTFLOAT      fslider2;
      |                         ^
jni/../dsp/voodoo.cc:145:14: warning: private field 'fsliderV0' is not used [-Wunused-private-field]
  145 |         FAUSTFLOAT      fsliderV0;
      |                         ^
5 warnings generated.
[x86_64] Compile++      : gx_voodoo <= gx_voodoo.cpp
jni/../plugin/gx_voodoo.cpp:251:1: warning: duplicate 'extern' declaration specifier [-Wduplicate-decl-specifier]
  251 | LV2_SYMBOL_EXPORT
      | ^
jni/../../lv2-headers/lv2.h:358:5: note: expanded from macro 'LV2_SYMBOL_EXPORT'
  358 |     LV2_SYMBOL_EXTERN __attribute__((visibility("default")))
      |     ^
jni/../../lv2-headers/lv2.h:345:29: note: expanded from macro 'LV2_SYMBOL_EXTERN'
  345 | #  define LV2_SYMBOL_EXTERN extern "C"
      |                             ^
In file included from jni/../plugin/gx_voodoo.cpp:68:
jni/../dsp/voodoo.cc:44:14: warning: private field 'fslider0' is not used [-Wunused-private-field]
   44 |         FAUSTFLOAT      fslider0;
      |                         ^
jni/../dsp/voodoo.cc:60:14: warning: private field 'fslider1' is not used [-Wunused-private-field]
   60 |         FAUSTFLOAT      fslider1;
      |                         ^
jni/../dsp/voodoo.cc:107:14: warning: private field 'fslider2' is not used [-Wunused-private-field]
  107 |         FAUSTFLOAT      fslider2;
      |                         ^
jni/../dsp/voodoo.cc:145:14: warning: private field 'fsliderV0' is not used [-Wunused-private-field]
  145 |         FAUSTFLOAT      fsliderV0;
      |                         ^
5 warnings generated.
[arm64-v8a] Compile++      : gx_voodoo <= gx_voodoo.cpp
jni/../plugin/gx_voodoo.cpp:251:1: warning: duplicate 'extern' declaration specifier [-Wduplicate-decl-specifier]
  251 | LV2_SYMBOL_EXPORT
      | ^
jni/../../lv2-headers/lv2.h:358:5: note: expanded from macro 'LV2_SYMBOL_EXPORT'
  358 |     LV2_SYMBOL_EXTERN __attribute__((visibility("default")))
      |     ^
jni/../../lv2-headers/lv2.h:345:29: note: expanded from macro 'LV2_SYMBOL_EXTERN'
  345 | #  define LV2_SYMBOL_EXTERN extern "C"
      |                             ^
In file included from jni/../plugin/gx_voodoo.cpp:68:
jni/../dsp/voodoo.cc:44:14: warning: private field 'fslider0' is not used [-Wunused-private-field]
   44 |         FAUSTFLOAT      fslider0;
      |                         ^
jni/../dsp/voodoo.cc:60:14: warning: private field 'fslider1' is not used [-Wunused-private-field]
   60 |         FAUSTFLOAT      fslider1;
      |                         ^
jni/../dsp/voodoo.cc:107:14: warning: private field 'fslider2' is not used [-Wunused-private-field]
  107 |         FAUSTFLOAT      fslider2;
      |                         ^
jni/../dsp/voodoo.cc:145:14: warning: private field 'fsliderV0' is not used [-Wunused-private-field]
  145 |         FAUSTFLOAT      fsliderV0;
      |                         ^
5 warnings generated.
[x86] Install        : libgx_voodoo.so => libs/x86/libgx_voodoo.so
[armeabi-v7a] SharedLibrary  : libgx_voodoo.so
[x86_64] SharedLibrary  : libgx_voodoo.so
[arm64-v8a] SharedLibrary  : libgx_voodoo.so
[armeabi-v7a] Install        : libgx_voodoo.so => libs/armeabi-v7a/libgx_voodoo.so
[arm64-v8a] Install        : libgx_voodoo.so => libs/arm64-v8a/libgx_voodoo.so
[x86_64] Install        : libgx_voodoo.so => libs/x86_64/libgx_voodoo.so
  ✓ Success (4 .so files generated)

========================================
Build Summary
========================================
Total plugins: 43
Successful: 43
Failed: 0
Build finished: 2026-02-09 14:55:31
Log file: /home/djshaji/projects/opiqo-plugins/GxPlugins.lv2/android_build.log
========================================

Next step: ./copy_to_jniLibs.sh
